"cellID","cluster"
"AGCGATAGAACCAGGTGAAGTATGTATAGCCT",4
"AGCGATAGAACCAGGTGGATACTATATAGCCT",2
"AGCGATAGAACCAGGTTTACGACCCAGGACGT",4
"AGCGATAGAAGAGGCACCTAGAGTTATAGCCT",3
"AGCGATAGAAGAGGCACTAAGCCTCAGGACGT",5
"AGCGATAGAAGAGGCAGTAAGGAGCAGGACGT",3
"AGCGATAGAAGAGGCATTATGCGATATAGCCT",4
"AGCGATAGAAGCAACGAACGAACGCAGGACGT",2
"AGCGATAGAAGCAACGAAGAGATGCAGGACGT",1
"AGCGATAGAAGCAACGAATGACGTCAGGACGT",2
"AGCGATAGAAGCAACGCGAATTCCCAGGACGT",5
"AGCGATAGAAGCAACGGAAGTATGCAGGACGT",3
"AGCGATAGAAGCAACGGGATACTAATAGAGGC",2
"AGCGATAGAAGCAACGGGATACTACCTATCCT",3
"AGCGATAGAAGCAACGTTACGACCTATAGCCT",3
"AGCGATAGAAGCAACGTTCATCCACAGGACGT",3
"AGCGATAGACGAATCTAACGAACGATAGAGGC",3
"AGCGATAGACGAATCTAGGATAACTATAGCCT",1
"AGCGATAGACGAATCTATTCGTTGCAGGACGT",4
"AGCGATAGACGAATCTATTCGTTGCCTATCCT",5
"AGCGATAGACGAATCTGAAGTATGATAGAGGC",2
"AGCGATAGACGAATCTGGATACTACAGGACGT",4
"AGCGATAGACGAATCTGGATACTATATAGCCT",3
"AGCGATAGACGAATCTTAAGATCCATAGAGGC",3
"AGCGATAGACGAATCTTGCCTTACTATAGCCT",3
"AGCGATAGACGAATCTTTACGACCCAGGACGT",3
"AGCGATAGACGTTCGAAATGACGTATAGAGGC",4
"AGCGATAGACGTTCGAATTCGTTGATAGAGGC",4
"AGCGATAGACGTTCGATAAGATCCCAGGACGT",2
"AGCGATAGACGTTCGATTCATCCAATAGAGGC",4
"AGCGATAGACTCGCTAAAGGAGTACAGGACGT",3
"AGCGATAGACTCGCTATCTCTCCGATAGAGGC",2
"AGCGATAGACTCGCTATTATGCGAATAGAGGC",2
"AGCGATAGACTCGCTATTATGCGATATAGCCT",2
"AGCGATAGACTGAGCGAAGGCTATATAGAGGC",3
"AGCGATAGACTGAGCGAAGGCTATCAGGACGT",2
"AGCGATAGACTGAGCGATCTGAGTTATAGCCT",2
"AGCGATAGACTGAGCGCCTAGAGTTATAGCCT",4
"AGCGATAGACTGAGCGCGTCTAATCAGGACGT",3
"AGCGATAGACTGAGCGGTAAGGAGCAGGACGT",1
"AGCGATAGACTGAGCGTTATGCGAATAGAGGC",5
"AGCGATAGAGGCAGAAAAGGCTATCAGGACGT",4
"AGCGATAGAGGCAGAAACTGCATATATAGCCT",3
"AGCGATAGAGGCAGAACCTAGAGTATAGAGGC",5
"AGCGATAGAGGCAGAACTCTCTATATAGAGGC",5
"AGCGATAGATAAGTCGCGAATTCCCAGGACGT",3
"AGCGATAGATAAGTCGGAAGTATGATAGAGGC",1
"AGCGATAGATAAGTCGGAAGTATGCAGGACGT",3
"AGCGATAGATAAGTCGGGATACTAATAGAGGC",3
"AGCGATAGATAAGTCGGGTTAGACATAGAGGC",2
"AGCGATAGATAAGTCGTCCGGTAAATAGAGGC",3
"AGCGATAGATAAGTCGTCCGGTAACAGGACGT",3
"AGCGATAGATAAGTCGTTACGACCCAGGACGT",3
"AGCGATAGATAAGTCGTTCATCCAATAGAGGC",2
"AGCGATAGATAAGTCGTTCATCCATATAGCCT",3
"AGCGATAGATAAGTCGTTGGAAGTCAGGACGT",4
"AGCGATAGATCTCAGGCTAAGCCTATAGAGGC",5
"AGCGATAGATCTCAGGCTAAGCCTCCTATCCT",5
"AGCGATAGATCTCAGGCTAAGCCTTATAGCCT",3
"AGCGATAGATCTCAGGGCGTAAGATATAGCCT",3
"AGCGATAGATCTCAGGTCGACTAGCAGGACGT",3
"AGCGATAGATCTCAGGTTATGCGAATAGAGGC",3
"AGCGATAGATGCGCAGCCTAGAGTATAGAGGC",5
"AGCGATAGATGCGCAGGCGTAAGAATAGAGGC",2
"AGCGATAGATGCGCAGGTAAGGAGTATAGCCT",1
"AGCGATAGATGCGCAGTTCTAGCTTATAGCCT",2
"AGCGATAGCAAGTTCAAAGAGATGATAGAGGC",3
"AGCGATAGCAAGTTCAAGGATAACTATAGCCT",5
"AGCGATAGCAAGTTCAATAGCCTTCAGGACGT",3
"AGCGATAGCAAGTTCACGAATTCCTATAGCCT",5
"AGCGATAGCAAGTTCAGAAGTATGCCTATCCT",3
"AGCGATAGCAAGTTCAGGATACTAATAGAGGC",3
"AGCGATAGCAAGTTCAGGATACTACCTATCCT",3
"AGCGATAGCAAGTTCAGGTTAGACATAGAGGC",4
"AGCGATAGCAAGTTCAGGTTAGACCCTATCCT",1
"AGCGATAGCAAGTTCATTGGAAGTATAGAGGC",3
"AGCGATAGCAGAACTGAAGAGATGCCTATCCT",5
"AGCGATAGCAGAACTGATAGCCTTCAGGACGT",1
"AGCGATAGCAGAACTGGAAGTATGCAGGACGT",3
"AGCGATAGCAGAACTGTAAGATCCTATAGCCT",1
"AGCGATAGCAGAACTGTCCGGTAAATAGAGGC",3
"AGCGATAGCAGAACTGTCCGGTAACAGGACGT",4
"AGCGATAGCAGAACTGTTACGACCATAGAGGC",3
"AGCGATAGCCTAAGACAAGGAGTAATAGAGGC",5
"AGCGATAGCCTAAGACAAGGAGTACAGGACGT",3
"AGCGATAGCCTAAGACAAGGCTATTATAGCCT",2
"AGCGATAGCCTAAGACCCTAGAGTATAGAGGC",5
"AGCGATAGCCTAAGACCTAAGCCTCAGGACGT",2
"AGCGATAGCCTAAGACGAGCCTTATATAGCCT",5
"AGCGATAGCCTAAGACGTAAGGAGTATAGCCT",2
"AGCGATAGCCTAAGACTTATGCGACAGGACGT",5
"AGCGATAGCGAGGCTGACTGCATAATAGAGGC",4
"AGCGATAGCGAGGCTGCGTCTAATCAGGACGT",3
"AGCGATAGCGAGGCTGCTAAGCCTTATAGCCT",3
"AGCGATAGCGAGGCTGGAGCCTTAATAGAGGC",5
"AGCGATAGCGAGGCTGTCGACTAGTATAGCCT",4
"AGCGATAGCGAGGCTGTCTCTCCGTATAGCCT",3
"AGCGATAGCGATCAGTAAGGAGTAATAGAGGC",2
"AGCGATAGCGATCAGTAAGGCTATCCTATCCT",3
"AGCGATAGCGATCAGTACTGCATAATAGAGGC",3
"AGCGATAGCGATCAGTCCTAGAGTATAGAGGC",5
"AGCGATAGCGATCAGTCGTCTAATATAGAGGC",4
"AGCGATAGCGATCAGTCGTCTAATCAGGACGT",3
"AGCGATAGCGATCAGTCGTCTAATTATAGCCT",3
"AGCGATAGCGATCAGTCTAAGCCTATAGAGGC",3
"AGCGATAGCGATCAGTCTCTCTATCAGGACGT",2
"AGCGATAGCGATCAGTGCGTAAGAATAGAGGC",1
"AGCGATAGCGATCAGTTTCTAGCTATAGAGGC",3
"AGCGATAGCGCTTGATAACGAACGCAGGACGT",2
"AGCGATAGCGCTTGATAAGAGATGATAGAGGC",2
"AGCGATAGCGCTTGATCGAATTCCATAGAGGC",2
"AGCGATAGCGCTTGATGGTTAGACCAGGACGT",5
"AGCGATAGCGCTTGATTAAGATCCCAGGACGT",2
"AGCGATAGCGCTTGATTTCATCCACAGGACGT",5
"AGCGATAGCGCTTGATTTGGAAGTATAGAGGC",1
"AGCGATAGCGTACTAGAAGGAGTATATAGCCT",3
"AGCGATAGCGTACTAGCGTCTAATATAGAGGC",2
"AGCGATAGCGTACTAGCTCTCTATATAGAGGC",4
"AGCGATAGCGTACTAGGCGTAAGATATAGCCT",4
"AGCGATAGCGTACTAGTATCCTCTTATAGCCT",3
"AGCGATAGCGTACTAGTCTCTCCGCAGGACGT",3
"AGCGATAGCGTACTAGTTATGCGAATAGAGGC",3
"AGCGATAGCGTACTAGTTATGCGATATAGCCT",5
"AGCGATAGCGTACTAGTTCTAGCTATAGAGGC",3
"AGCGATAGCGTACTAGTTCTAGCTTATAGCCT",5
"AGCGATAGCGTATAGAAATGACGTATAGAGGC",4
"AGCGATAGCGTATAGAATAGCCTTTATAGCCT",5
"AGCGATAGCGTATAGACGAATTCCATAGAGGC",4
"AGCGATAGCGTATAGAGAAGTATGATAGAGGC",2
"AGCGATAGCGTATAGATAAGATCCCAGGACGT",5
"AGCGATAGCGTATAGATTACGACCATAGAGGC",3
"AGCGATAGCGTATAGATTCATCCACCTATCCT",3
"AGCGATAGCTAATGCTATAGCCTTTATAGCCT",2
"AGCGATAGCTAATGCTGAAGTATGTATAGCCT",3
"AGCGATAGCTAATGCTTTACGACCTATAGCCT",3
"AGCGATAGCTCTCTACAAGGAGTACAGGACGT",3
"AGCGATAGCTCTCTACAAGGAGTATATAGCCT",3
"AGCGATAGCTCTCTACCGTCTAATTATAGCCT",3
"AGCGATAGCTCTCTACGCGTAAGATATAGCCT",3
"AGCGATAGCTCTCTACTCTCTCCGCAGGACGT",1
"AGCGATAGCTCTCTACTTATGCGATATAGCCT",3
"AGCGATAGCTCTCTACTTCTAGCTTATAGCCT",5
"AGCGATAGCTCTGGTAACTGCATATATAGCCT",3
"AGCGATAGCTCTGGTACGTCTAATATAGAGGC",5
"AGCGATAGCTCTGGTACTCTCTATTATAGCCT",2
"AGCGATAGCTCTGGTAGCGTAAGACAGGACGT",3
"AGCGATAGCTTCAATGAAGAGATGATAGAGGC",4
"AGCGATAGCTTCAATGAGGATAACTATAGCCT",2
"AGCGATAGCTTCAATGCGAATTCCTATAGCCT",5
"AGCGATAGCTTCAATGGGATACTAATAGAGGC",3
"AGCGATAGCTTCAATGGGATACTACCTATCCT",3
"AGCGATAGCTTCAATGTTGGAAGTATAGAGGC",2
"AGCGATAGGAACGGTAAAGAGATGGGCTCTGA",3
"AGCGATAGGAACGGTAAAGAGATGTATAGCCT",3
"AGCGATAGGAACGGTAAATGACGTATAGAGGC",2
"AGCGATAGGAACGGTACGAATTCCATAGAGGC",3
"AGCGATAGGAACGGTATCCGGTAAATAGAGGC",2
"AGCGATAGGAACGGTATGCCTTACTATAGCCT",3
"AGCGATAGGAACGGTATTCATCCATATAGCCT",4
"AGCGATAGGAATTACGAATGACGTTATAGCCT",3
"AGCGATAGGAATTACGAGGATAACCCTATCCT",1
"AGCGATAGGAATTACGAGGATAACTATAGCCT",5
"AGCGATAGGAATTACGATTCGTTGTATAGCCT",3
"AGCGATAGGAATTACGCGAATTCCATAGAGGC",3
"AGCGATAGGAATTACGCGAATTCCCCTATCCT",1
"AGCGATAGGAATTACGTTCATCCAATAGAGGC",3
"AGCGATAGGCAACCTAAGGATAACCAGGACGT",2
"AGCGATAGGCAACCTAGGATACTACCTATCCT",3
"AGCGATAGGCAACCTATTGGAAGTCAGGACGT",1
"AGCGATAGGCCTCAATAGGATAACTATAGCCT",2
"AGCGATAGGCCTCAATATTCGTTGTATAGCCT",3
"AGCGATAGGCCTCAATTGCCTTACATAGAGGC",3
"AGCGATAGGCCTCAATTGCCTTACCAGGACGT",3
"AGCGATAGGCCTCAATTTACGACCCAGGACGT",3
"AGCGATAGGCGTAGTACCTAGAGTTATAGCCT",1
"AGCGATAGGCGTAGTACGTCTAATTATAGCCT",2
"AGCGATAGGCGTAGTAGTAAGGAGCCTATCCT",3
"AGCGATAGGCGTAGTAGTAAGGAGTATAGCCT",5
"AGCGATAGGCGTAGTATCGACTAGCAGGACGT",2
"AGCGATAGGCGTAGTATTATGCGATATAGCCT",3
"AGCGATAGGCTCATGAAAGGAGTATATAGCCT",3
"AGCGATAGGCTCATGAAAGGCTATCAGGACGT",2
"AGCGATAGGCTCATGACGTCTAATCAGGACGT",3
"AGCGATAGGCTCATGACTAAGCCTATAGAGGC",3
"AGCGATAGGCTCATGAGCGTAAGATATAGCCT",1
"AGCGATAGGCTCATGATCGACTAGCCTATCCT",5
"AGCGATAGGCTCATGATTATGCGATATAGCCT",5
"AGCGATAGGGACTCCTAAGGCTATATAGAGGC",4
"AGCGATAGGGACTCCTCGTCTAATATAGAGGC",5
"AGCGATAGGGACTCCTCTAAGCCTTATAGCCT",2
"AGCGATAGGGACTCCTGAGCCTTACAGGACGT",3
"AGCGATAGGGACTCCTGAGCCTTATATAGCCT",4
"AGCGATAGGGACTCCTTCTCTCCGATAGAGGC",1
"AGCGATAGGGACTCCTTCTCTCCGCAGGACGT",4
"AGCGATAGGGAGCTACACTGCATACAGGACGT",1
"AGCGATAGGGAGCTACCCTAGAGTTATAGCCT",2
"AGCGATAGGGAGCTACCTAAGCCTCAGGACGT",3
"AGCGATAGGGAGCTACTATCCTCTATAGAGGC",2
"AGCGATAGGGAGCTACTTATGCGATATAGCCT",3
"AGCGATAGGGAGCTACTTCTAGCTTATAGCCT",4
"AGCGATAGGTAGAGGAAAGGAGTAATAGAGGC",2
"AGCGATAGGTAGAGGAAAGGCTATCAGGACGT",4
"AGCGATAGGTAGAGGACCTAGAGTATAGAGGC",3
"AGCGATAGGTAGAGGAGCGTAAGACAGGACGT",3
"AGCGATAGGTCATGAAAATGACGTATAGAGGC",3
"AGCGATAGGTCATGAAATAGCCTTATAGAGGC",4
"AGCGATAGGTCATGAAATTCGTTGTATAGCCT",3
"AGCGATAGGTCATGAACGAATTCCCAGGACGT",3
"AGCGATAGGTCATGAAGAAGTATGATAGAGGC",2
"AGCGATAGGTCATGAAGGATACTATATAGCCT",4
"AGCGATAGGTCATGAAGGTTAGACCAGGACGT",3
"AGCGATAGGTCATGAAGGTTAGACTATAGCCT",2
"AGCGATAGGTCATGAATGCCTTACCAGGACGT",5
"AGCGATAGGTCATGAATTCATCCATATAGCCT",4
"AGCGATAGGTCTACCAAAGAGATGTATAGCCT",3
"AGCGATAGGTCTACCAATTCGTTGATAGAGGC",5
"AGCGATAGGTCTACCAGAAGTATGCAGGACGT",4
"AGCGATAGGTCTACCAGGTTAGACATAGAGGC",2
"AGCGATAGGTCTACCAGGTTAGACCCTATCCT",1
"AGCGATAGGTCTACCATTCATCCACAGGACGT",2
"AGCGATAGTAAGGCGAACTGCATACAGGACGT",3
"AGCGATAGTAAGGCGACTCTCTATATAGAGGC",4
"AGCGATAGTAAGGCGAGTAAGGAGCAGGACGT",1
"AGCGATAGTAAGGCGATCGACTAGCAGGACGT",2
"AGCGATAGTAAGGCGATCTCTCCGCAGGACGT",3
"AGCGATAGTAAGGCGATTCTAGCTCAGGACGT",4
"AGCGATAGTACGCTGCCGTCTAATATAGAGGC",3
"AGCGATAGTACGCTGCGCGTAAGAATAGAGGC",3
"AGCGATAGTACGCTGCTCTCTCCGCAGGACGT",5
"AGCGATAGTACGCTGCTTATGCGAATAGAGGC",4
"AGCGATAGTACGCTGCTTCTAGCTCCTATCCT",3
"AGCGATAGTACTGCCTAGGATAACTATAGCCT",4
"AGCGATAGTACTGCCTTAAGATCCATAGAGGC",2
"AGCGATAGTACTGCCTTTGGAAGTCAGGACGT",5
"AGCGATAGTAGCGCTCATCTGAGTTATAGCCT",3
"AGCGATAGTAGCGCTCCTCTCTATCAGGACGT",2
"AGCGATAGTAGCGCTCGCGTAAGACAGGACGT",2
"AGCGATAGTAGCGCTCGCGTAAGACCTATCCT",3
"AGCGATAGTAGCGCTCGTAAGGAGATAGAGGC",1
"AGCGATAGTAGCGCTCGTAAGGAGCAGGACGT",3
"AGCGATAGTAGCGCTCTATCCTCTCAGGACGT",4
"AGCGATAGTAGCGCTCTCGACTAGCCTATCCT",3
"AGCGATAGTAGCGCTCTTATGCGAATAGAGGC",4
"AGCGATAGTAGGCATGAAGGCTATATAGAGGC",2
"AGCGATAGTAGGCATGCTCTCTATATAGAGGC",3
"AGCGATAGTAGGCATGGTAAGGAGTATAGCCT",3
"AGCGATAGTATGCCATAGGATAACCCTATCCT",5
"AGCGATAGTATGCCATCGAATTCCTATAGCCT",3
"AGCGATAGTATGCCATGAAGTATGATAGAGGC",4
"AGCGATAGTATGCCATGGATACTATATAGCCT",3
"AGCGATAGTATGCCATTAAGATCCATAGAGGC",3
"AGCGATAGTATGCCATTCCGGTAAATAGAGGC",3
"AGCGATAGTATGCCATTTACGACCATAGAGGC",2
"AGCGATAGTATGCCATTTGGAAGTTATAGCCT",3
"AGCGATAGTATGGTCGAACGAACGCAGGACGT",4
"AGCGATAGTATGGTCGAATGACGTTATAGCCT",3
"AGCGATAGTATGGTCGGGTTAGACATAGAGGC",2
"AGCGATAGTATGGTCGTAAGATCCATAGAGGC",5
"AGCGATAGTATGGTCGTAAGATCCTATAGCCT",2
"AGCGATAGTATGGTCGTCCGGTAACCTATCCT",3
"AGCGATAGTCCTGAGCATCTGAGTATAGAGGC",5
"AGCGATAGTCCTGAGCCCTAGAGTCCTATCCT",4
"AGCGATAGTCCTGAGCGAGCCTTATATAGCCT",3
"AGCGATAGTCCTGAGCGCGTAAGATATAGCCT",5
"AGCGATAGTCCTGAGCTTATGCGACAGGACGT",1
"AGCGATAGTCCTGAGCTTCTAGCTATAGAGGC",1
"AGCGATAGTCGACGTCAAGGCTATTATAGCCT",1
"AGCGATAGTCGACGTCCTAAGCCTCAGGACGT",3
"AGCGATAGTCGACGTCGAGCCTTATATAGCCT",4
"AGCGATAGTCGACGTCGTAAGGAGATAGAGGC",2
"AGCGATAGTCGACGTCTCGACTAGCAGGACGT",4
"AGCGATAGTCTATCCGAACGAACGCAGGACGT",2
"AGCGATAGTCTATCCGAATGACGTCAGGACGT",2
"AGCGATAGTCTATCCGATAGCCTTCAGGACGT",2
"AGCGATAGTCTATCCGTTACGACCTATAGCCT",3
"AGCGATAGTCTATCCGTTGGAAGTCCTATCCT",3
"AGCGATAGTCTATCCGTTGGAAGTTATAGCCT",5
"AGCGATAGTGCAGCTAAAGGAGTACAGGACGT",2
"AGCGATAGTGCAGCTAATCTGAGTTATAGCCT",3
"AGCGATAGTGCAGCTACCTAGAGTCAGGACGT",5
"AGCGATAGTGCAGCTACGTCTAATTATAGCCT",3
"AGCGATAGTGCAGCTACTAAGCCTTATAGCCT",5
"AGCGATAGTGCAGCTATATCCTCTCAGGACGT",4
"AGCGATAGTGCAGCTATATCCTCTCCTATCCT",3
"AGCGATAGTGCAGCTATCGACTAGATAGAGGC",5
"AGCGATAGTGCAGCTATCTCTCCGTATAGCCT",5
"AGCGATAGTGCCAATTAAGAGATGCAGGACGT",2
"AGCGATAGTGCCAATTCGAATTCCTATAGCCT",3
"AGCGATAGTGCCAATTGGATACTACAGGACGT",1
"AGCGATAGTGCCAATTTGCCTTACCCTATCCT",3
"AGCGATAGTGCCAATTTGCCTTACTATAGCCT",4
"AGCGATAGTGCCAATTTTACGACCATAGAGGC",4
"AGCGATAGTGCCAATTTTACGACCCAGGACGT",1
"AGCGATAGTTAGCCTCAAGAGATGATAGAGGC",3
"AGCGATAGTTAGCCTCCGAATTCCTATAGCCT",2
"AGCGATAGTTAGCCTCGGATACTAATAGAGGC",2
"AGCGATAGTTAGCCTCTCCGGTAACAGGACGT",4
"AGCGATAGTTCCATCCAGGATAACTATAGCCT",4
"AGCGATAGTTCCATCCATTCGTTGCAGGACGT",4
"AGCGATAGTTCCATCCTTACGACCATAGAGGC",2
"AGCGATAGTTCCATCCTTGGAAGTATAGAGGC",1
"ATTACTCGAACCAGGTATAGCCTTCAGGACGT",3
"ATTACTCGAACCAGGTATTCGTTGATAGAGGC",3
"ATTACTCGAACCAGGTTAAGATCCATAGAGGC",2
"ATTACTCGAACCAGGTTGCCTTACTATAGCCT",3
"ATTACTCGAAGAGGCAAAGGCTATGGCTCTGA",4
"ATTACTCGAAGAGGCAAAGGCTATTATAGCCT",3
"ATTACTCGAAGAGGCATATCCTCTTATAGCCT",4
"ATTACTCGAAGCAACGAAGAGATGCAGGACGT",3
"ATTACTCGAAGCAACGAGGATAACGGCTCTGA",3
"ATTACTCGAAGCAACGTTGGAAGTATAGAGGC",3
"ATTACTCGAAGCAACGTTGGAAGTTATAGCCT",4
"ATTACTCGACGAATCTAAGAGATGATAGAGGC",1
"ATTACTCGACGAATCTTGCCTTACTATAGCCT",2
"ATTACTCGACGAATCTTTACGACCTATAGCCT",3
"ATTACTCGACGAATCTTTGGAAGTCAGGACGT",1
"ATTACTCGACTCGCTAACTGCATATATAGCCT",4
"ATTACTCGACTCGCTAATCTGAGTTATAGCCT",1
"ATTACTCGACTCGCTACCTAGAGTGGCTCTGA",5
"ATTACTCGACTCGCTAGAGCCTTACAGGACGT",3
"ATTACTCGACTCGCTATTATGCGAATAGAGGC",3
"ATTACTCGACTGAGCGAAGGAGTATATAGCCT",3
"ATTACTCGACTGAGCGATCTGAGTTATAGCCT",2
"ATTACTCGACTGAGCGCGTCTAATATAGAGGC",5
"ATTACTCGACTGAGCGCGTCTAATCCTATCCT",3
"ATTACTCGACTGAGCGCTCTCTATTATAGCCT",5
"ATTACTCGACTGAGCGTTATGCGAATAGAGGC",5
"ATTACTCGAGGCAGAAAAGGCTATTATAGCCT",3
"ATTACTCGAGGCAGAAATCTGAGTTATAGCCT",5
"ATTACTCGAGGCAGAAGTAAGGAGGGCTCTGA",3
"ATTACTCGAGGCAGAATCGACTAGTATAGCCT",4
"ATTACTCGAGGCAGAATTATGCGATATAGCCT",5
"ATTACTCGATAAGTCGAACGAACGTATAGCCT",1
"ATTACTCGATAAGTCGTTCATCCACAGGACGT",3
"ATTACTCGATCTCAGGACTGCATAGGCTCTGA",3
"ATTACTCGATCTCAGGCGTCTAATATAGAGGC",5
"ATTACTCGATCTCAGGCTAAGCCTTATAGCCT",5
"ATTACTCGATCTCAGGGTAAGGAGGGCTCTGA",2
"ATTACTCGATGCGCAGATCTGAGTTATAGCCT",2
"ATTACTCGATGCGCAGTCTCTCCGCAGGACGT",3
"ATTACTCGATGCGCAGTTATGCGACAGGACGT",3
"ATTACTCGATGCGCAGTTCTAGCTTATAGCCT",4
"ATTACTCGCAAGTTCAGAAGTATGCAGGACGT",3
"ATTACTCGCAGAACTGAAGAGATGCAGGACGT",3
"ATTACTCGCAGAACTGTTGGAAGTATAGAGGC",4
"ATTACTCGCCTAAGACAAGGCTATTATAGCCT",5
"ATTACTCGCCTAAGACATCTGAGTTATAGCCT",5
"ATTACTCGCCTAAGACCGTCTAATCAGGACGT",3
"ATTACTCGCCTAAGACCTCTCTATCCTATCCT",3
"ATTACTCGCGAGGCTGAAGGAGTATATAGCCT",3
"ATTACTCGCGAGGCTGCTCTCTATTATAGCCT",3
"ATTACTCGCGAGGCTGTATCCTCTTATAGCCT",4
"ATTACTCGCGAGGCTGTCTCTCCGATAGAGGC",3
"ATTACTCGCGAGGCTGTTATGCGAGGCTCTGA",3
"ATTACTCGCGAGGCTGTTATGCGATATAGCCT",3
"ATTACTCGCGATCAGTATCTGAGTCAGGACGT",3
"ATTACTCGCGATCAGTGTAAGGAGTATAGCCT",2
"ATTACTCGCGCTTGATCGAATTCCCCTATCCT",3
"ATTACTCGCGCTTGATGAAGTATGATAGAGGC",3
"ATTACTCGCGCTTGATTAAGATCCTATAGCCT",3
"ATTACTCGCGCTTGATTTGGAAGTATAGAGGC",2
"ATTACTCGCGTACTAGATCTGAGTTATAGCCT",5
"ATTACTCGCGTACTAGGCGTAAGATATAGCCT",3
"ATTACTCGCGTACTAGTATCCTCTTATAGCCT",3
"ATTACTCGCGTACTAGTCGACTAGCAGGACGT",2
"ATTACTCGCGTACTAGTTATGCGATATAGCCT",5
"ATTACTCGCGTATAGAAATGACGTTATAGCCT",2
"ATTACTCGCGTATAGATTACGACCATAGAGGC",3
"ATTACTCGCTAATGCTGGATACTACCTATCCT",3
"ATTACTCGCTAATGCTTGCCTTACATAGAGGC",3
"ATTACTCGCTCTCTACAAGGAGTATATAGCCT",3
"ATTACTCGCTCTCTACCGTCTAATTATAGCCT",5
"ATTACTCGCTCTCTACTCGACTAGTATAGCCT",2
"ATTACTCGCTCTCTACTTATGCGACAGGACGT",3
"ATTACTCGCTCTGGTAACTGCATACCTATCCT",5
"ATTACTCGCTCTGGTAATCTGAGTATAGAGGC",3
"ATTACTCGCTCTGGTACTAAGCCTATAGAGGC",3
"ATTACTCGCTCTGGTATCGACTAGTATAGCCT",3
"ATTACTCGCTTCAATGATAGCCTTTATAGCCT",1
"ATTACTCGCTTCAATGGGTTAGACGGCTCTGA",3
"ATTACTCGCTTCAATGTTCATCCACAGGACGT",1
"ATTACTCGGAACGGTATTCATCCACAGGACGT",1
"ATTACTCGGAATTACGAATGACGTCAGGACGT",1
"ATTACTCGGAATTACGTGCCTTACCCTATCCT",3
"ATTACTCGGCAACCTAGAAGTATGCCTATCCT",3
"ATTACTCGGCAACCTATTACGACCCAGGACGT",3
"ATTACTCGGCAACCTATTGGAAGTTATAGCCT",2
"ATTACTCGGCCTCAATATTCGTTGCAGGACGT",3
"ATTACTCGGCCTCAATCGAATTCCCAGGACGT",5
"ATTACTCGGCCTCAATGGATACTACAGGACGT",3
"ATTACTCGGCGTAGTAAAGGCTATCCTATCCT",3
"ATTACTCGGCGTAGTAAAGGCTATGGCTCTGA",3
"ATTACTCGGCGTAGTAATCTGAGTATAGAGGC",3
"ATTACTCGGCGTAGTATATCCTCTATAGAGGC",3
"ATTACTCGGCGTAGTATTCTAGCTTATAGCCT",4
"ATTACTCGGCTCATGACTAAGCCTCAGGACGT",3
"ATTACTCGGCTCATGATTATGCGATATAGCCT",5
"ATTACTCGGGACTCCTAAGGCTATTATAGCCT",1
"ATTACTCGGGACTCCTTTATGCGAATAGAGGC",5
"ATTACTCGGGAGCTACAAGGAGTAATAGAGGC",3
"ATTACTCGGGAGCTACAAGGCTATCCTATCCT",3
"ATTACTCGGGAGCTACGCGTAAGACAGGACGT",3
"ATTACTCGGTAGAGGAAAGGAGTAGGCTCTGA",5
"ATTACTCGGTAGAGGAAAGGCTATTATAGCCT",5
"ATTACTCGGTAGAGGACTAAGCCTTATAGCCT",3
"ATTACTCGGTCTACCAAACGAACGCAGGACGT",3
"ATTACTCGGTCTACCAGGTTAGACATAGAGGC",3
"ATTACTCGGTCTACCATCCGGTAATATAGCCT",4
"ATTACTCGGTCTACCATTGGAAGTCCTATCCT",3
"ATTACTCGTAAGGCGAAAGGAGTACAGGACGT",3
"ATTACTCGTAAGGCGACTCTCTATATAGAGGC",5
"ATTACTCGTAAGGCGACTCTCTATTATAGCCT",3
"ATTACTCGTAAGGCGAGCGTAAGACAGGACGT",3
"ATTACTCGTAAGGCGAGTAAGGAGTATAGCCT",5
"ATTACTCGTAAGGCGATTATGCGATATAGCCT",5
"ATTACTCGTAAGGCGATTCTAGCTTATAGCCT",4
"ATTACTCGTACGCTGCCCTAGAGTTATAGCCT",3
"ATTACTCGTACGCTGCCTCTCTATTATAGCCT",3
"ATTACTCGTACGCTGCTCGACTAGTATAGCCT",4
"ATTACTCGTACTGCCTAAGAGATGCAGGACGT",3
"ATTACTCGTAGCGCTCCCTAGAGTGGCTCTGA",3
"ATTACTCGTAGCGCTCCCTAGAGTTATAGCCT",2
"ATTACTCGTAGCGCTCCGTCTAATATAGAGGC",4
"ATTACTCGTAGCGCTCGAGCCTTAATAGAGGC",2
"ATTACTCGTAGCGCTCTATCCTCTATAGAGGC",3
"ATTACTCGTAGCGCTCTTCTAGCTCAGGACGT",3
"ATTACTCGTAGGCATGAAGGCTATTATAGCCT",3
"ATTACTCGTAGGCATGCCTAGAGTGGCTCTGA",3
"ATTACTCGTAGGCATGGAGCCTTAATAGAGGC",3
"ATTACTCGTAGGCATGGAGCCTTATATAGCCT",3
"ATTACTCGTAGGCATGGCGTAAGAATAGAGGC",2
"ATTACTCGTAGGCATGTATCCTCTATAGAGGC",5
"ATTACTCGTAGGCATGTTATGCGATATAGCCT",3
"ATTACTCGTATGCCATGAAGTATGATAGAGGC",5
"ATTACTCGTATGGTCGAAGAGATGATAGAGGC",3
"ATTACTCGTATGGTCGATTCGTTGTATAGCCT",3
"ATTACTCGTATGGTCGGAAGTATGCAGGACGT",3
"ATTACTCGTATGGTCGTTCATCCACCTATCCT",3
"ATTACTCGTCCTGAGCAAGGCTATTATAGCCT",3
"ATTACTCGTCCTGAGCCTAAGCCTTATAGCCT",3
"ATTACTCGTCGACGTCCTCTCTATGGCTCTGA",3
"ATTACTCGTCGACGTCCTCTCTATTATAGCCT",3
"ATTACTCGTCGACGTCTTATGCGAATAGAGGC",3
"ATTACTCGTCGACGTCTTATGCGATATAGCCT",2
"ATTACTCGTCTATCCGTTCATCCACCTATCCT",3
"ATTACTCGTGCAGCTAATCTGAGTATAGAGGC",5
"ATTACTCGTGCCAATTAATGACGTCAGGACGT",3
"ATTACTCGTGCCAATTTCCGGTAACAGGACGT",3
"ATTACTCGTTAGCCTCTAAGATCCCAGGACGT",3
"ATTACTCGTTAGCCTCTCCGGTAAGGCTCTGA",3
"ATTACTCGTTAGCCTCTGCCTTACTATAGCCT",4
"ATTACTCGTTAGCCTCTTACGACCTATAGCCT",3
"ATTACTCGTTCCATCCAAGAGATGCAGGACGT",3
"ATTACTCGTTCCATCCAAGAGATGTATAGCCT",3
"ATTACTCGTTCCATCCGGATACTACAGGACGT",3
"ATTCAGAAAACCAGGTAAGAGATGCAGGACGT",3
"ATTCAGAAAAGAGGCAAAGGAGTACAGGACGT",1
"ATTCAGAAAAGAGGCAATCTGAGTATAGAGGC",3
"ATTCAGAAAAGAGGCAGCGTAAGAATAGAGGC",3
"ATTCAGAAAAGAGGCATTATGCGACCTATCCT",3
"ATTCAGAAAAGAGGCATTCTAGCTCCTATCCT",2
"ATTCAGAAAAGCAACGGGTTAGACCCTATCCT",3
"ATTCAGAAACGAATCTAAGAGATGCCTATCCT",3
"ATTCAGAAACGAATCTTAAGATCCCCTATCCT",3
"ATTCAGAAACGTTCGAGGTTAGACCAGGACGT",5
"ATTCAGAAACGTTCGATTGGAAGTCAGGACGT",3
"ATTCAGAAACTCGCTATTCTAGCTCCTATCCT",5
"ATTCAGAAACTGAGCGAAGGAGTACCTATCCT",1
"ATTCAGAAACTGAGCGTCGACTAGCCTATCCT",3
"ATTCAGAAAGGCAGAATATCCTCTCCTATCCT",2
"ATTCAGAAAGGCAGAATTATGCGACAGGACGT",2
"ATTCAGAAATAAGTCGTAAGATCCCCTATCCT",3
"ATTCAGAAATAAGTCGTTACGACCTATAGCCT",3
"ATTCAGAAATAAGTCGTTGGAAGTCCTATCCT",3
"ATTCAGAAATCTCAGGGAGCCTTACAGGACGT",3
"ATTCAGAAATCTCAGGTCGACTAGTATAGCCT",3
"ATTCAGAAATGCGCAGACTGCATACAGGACGT",5
"ATTCAGAAATGCGCAGGAGCCTTACAGGACGT",3
"ATTCAGAACAAGTTCAAACGAACGCCTATCCT",3
"ATTCAGAACAAGTTCAATAGCCTTCCTATCCT",3
"ATTCAGAACAAGTTCAGGTTAGACCCTATCCT",3
"ATTCAGAACAGAACTGAATGACGTCAGGACGT",1
"ATTCAGAACAGAACTGTAAGATCCCCTATCCT",2
"ATTCAGAACCTAAGACACTGCATACCTATCCT",3
"ATTCAGAACGAGGCTGCGTCTAATATAGAGGC",4
"ATTCAGAACGAGGCTGCTAAGCCTCAGGACGT",1
"ATTCAGAACGAGGCTGGCGTAAGACCTATCCT",2
"ATTCAGAACGAGGCTGTCTCTCCGCCTATCCT",1
"ATTCAGAACGCTTGATAGGATAACCAGGACGT",3
"ATTCAGAACGTACTAGAAGGCTATATAGAGGC",3
"ATTCAGAACGTACTAGACTGCATACCTATCCT",4
"ATTCAGAACGTATAGAATAGCCTTATAGAGGC",4
"ATTCAGAACGTATAGAGGATACTACCTATCCT",5
"ATTCAGAACGTATAGATCCGGTAAATAGAGGC",3
"ATTCAGAACTAATGCTTAAGATCCCCTATCCT",2
"ATTCAGAACTAATGCTTGCCTTACTATAGCCT",2
"ATTCAGAACTCTCTACACTGCATACCTATCCT",3
"ATTCAGAACTCTCTACCCTAGAGTCCTATCCT",5
"ATTCAGAACTCTCTACCCTAGAGTTATAGCCT",5
"ATTCAGAACTCTCTACTCTCTCCGCAGGACGT",3
"ATTCAGAACTCTCTACTTATGCGAATAGAGGC",3
"ATTCAGAACTCTGGTACTAAGCCTCCTATCCT",2
"ATTCAGAACTCTGGTACTAAGCCTTATAGCCT",1
"ATTCAGAACTTCAATGAACGAACGGGCTCTGA",3
"ATTCAGAACTTCAATGGGATACTACCTATCCT",3
"ATTCAGAAGAACGGTAAAGAGATGCAGGACGT",2
"ATTCAGAAGAACGGTATTCATCCACAGGACGT",3
"ATTCAGAAGAATTACGAATGACGTTATAGCCT",3
"ATTCAGAAGAATTACGTGCCTTACCCTATCCT",3
"ATTCAGAAGCAACCTAAACGAACGCAGGACGT",5
"ATTCAGAAGCAACCTAAACGAACGCCTATCCT",3
"ATTCAGAAGCAACCTAATAGCCTTCCTATCCT",5
"ATTCAGAAGCAACCTAGAAGTATGCCTATCCT",3
"ATTCAGAAGCAACCTAGGATACTACAGGACGT",1
"ATTCAGAAGCAACCTATCCGGTAACAGGACGT",1
"ATTCAGAAGCAACCTATGCCTTACATAGAGGC",3
"ATTCAGAAGCCTCAATTCCGGTAACCTATCCT",3
"ATTCAGAAGCCTCAATTGCCTTACATAGAGGC",3
"ATTCAGAAGCCTCAATTGCCTTACCCTATCCT",3
"ATTCAGAAGCGTAGTAAAGGCTATCCTATCCT",3
"ATTCAGAAGCGTAGTAATCTGAGTCCTATCCT",3
"ATTCAGAAGCGTAGTATCTCTCCGCAGGACGT",5
"ATTCAGAAGCTCATGATCGACTAGGGCTCTGA",5
"ATTCAGAAGGACTCCTCCTAGAGTTATAGCCT",3
"ATTCAGAAGGAGCTACATCTGAGTCAGGACGT",3
"ATTCAGAAGGAGCTACCTAAGCCTTATAGCCT",3
"ATTCAGAAGGAGCTACGAGCCTTACAGGACGT",3
"ATTCAGAAGTAGAGGAAAGGAGTAATAGAGGC",1
"ATTCAGAAGTAGAGGAAAGGAGTACCTATCCT",3
"ATTCAGAAGTAGAGGATTATGCGACCTATCCT",5
"ATTCAGAAGTCATGAAATTCGTTGCAGGACGT",3
"ATTCAGAAGTCATGAAGGATACTAATAGAGGC",1
"ATTCAGAAGTCATGAAGGATACTACCTATCCT",3
"ATTCAGAAGTCTACCAAAGAGATGCAGGACGT",3
"ATTCAGAAGTCTACCATTGGAAGTCCTATCCT",3
"ATTCAGAATAAGGCGAAAGGCTATATAGAGGC",3
"ATTCAGAATACGCTGCTCTCTCCGCCTATCCT",3
"ATTCAGAATACTGCCTAATGACGTCAGGACGT",3
"ATTCAGAATACTGCCTAGGATAACCAGGACGT",3
"ATTCAGAATACTGCCTGGATACTAATAGAGGC",3
"ATTCAGAATACTGCCTTAAGATCCCAGGACGT",4
"ATTCAGAATACTGCCTTAAGATCCCCTATCCT",3
"ATTCAGAATAGCGCTCAAGGAGTACAGGACGT",3
"ATTCAGAATAGCGCTCAAGGAGTACCTATCCT",3
"ATTCAGAATAGCGCTCACTGCATACCTATCCT",2
"ATTCAGAATAGCGCTCTCGACTAGCAGGACGT",3
"ATTCAGAATAGGCATGACTGCATAATAGAGGC",3
"ATTCAGAATAGGCATGATCTGAGTATAGAGGC",3
"ATTCAGAATAGGCATGATCTGAGTCCTATCCT",3
"ATTCAGAATAGGCATGGCGTAAGACAGGACGT",3
"ATTCAGAATATGCCATAACGAACGCAGGACGT",3
"ATTCAGAATATGCCATAATGACGTCCTATCCT",4
"ATTCAGAATATGCCATATTCGTTGCAGGACGT",3
"ATTCAGAATATGGTCGAATGACGTCCTATCCT",3
"ATTCAGAATATGGTCGGGATACTACAGGACGT",3
"ATTCAGAATATGGTCGTCCGGTAACCTATCCT",3
"ATTCAGAATCCTGAGCAAGGAGTACAGGACGT",3
"ATTCAGAATCCTGAGCCCTAGAGTCAGGACGT",3
"ATTCAGAATCCTGAGCCGTCTAATCCTATCCT",1
"ATTCAGAATCCTGAGCGCGTAAGACCTATCCT",5
"ATTCAGAATCGACGTCCGTCTAATCCTATCCT",3
"ATTCAGAATCGACGTCCTAAGCCTCCTATCCT",2
"ATTCAGAATCGACGTCGAGCCTTACCTATCCT",3
"ATTCAGAATCGACGTCGCGTAAGACAGGACGT",2
"ATTCAGAATCTATCCGGGTTAGACGGCTCTGA",5
"ATTCAGAATCTATCCGTTCATCCACCTATCCT",2
"ATTCAGAATGCAGCTACCTAGAGTCCTATCCT",5
"ATTCAGAATGCAGCTATATCCTCTCCTATCCT",3
"ATTCAGAATGCCAATTATTCGTTGATAGAGGC",3
"ATTCAGAATGCCAATTATTCGTTGCAGGACGT",3
"ATTCAGAATGCCAATTTTCATCCACCTATCCT",3
"ATTCAGAATTAGCCTCAGGATAACCAGGACGT",3
"ATTCAGAATTAGCCTCTTCATCCATATAGCCT",3
"ATTCAGAATTCCATCCTAAGATCCCAGGACGT",4
"ATTCAGAATTCCATCCTCCGGTAACAGGACGT",2
"ATTCAGAATTCCATCCTGCCTTACCCTATCCT",3
"CGCTCATTAACCAGGTAACGAACGCCTATCCT",2
"CGCTCATTAACCAGGTAATGACGTATAGAGGC",2
"CGCTCATTAACCAGGTAGGATAACTATAGCCT",1
"CGCTCATTAACCAGGTATAGCCTTTATAGCCT",3
"CGCTCATTAACCAGGTTAAGATCCCCTATCCT",3
"CGCTCATTAACCAGGTTCCGGTAAGGCTCTGA",1
"CGCTCATTAACCAGGTTTGGAAGTCAGGACGT",3
"CGCTCATTAAGAGGCACCTAGAGTCAGGACGT",3
"CGCTCATTAAGAGGCACTAAGCCTTATAGCCT",1
"CGCTCATTAAGAGGCACTCTCTATCAGGACGT",5
"CGCTCATTAAGAGGCATATCCTCTTATAGCCT",1
"CGCTCATTAAGAGGCATCGACTAGCAGGACGT",3
"CGCTCATTAAGAGGCATCGACTAGCCTATCCT",3
"CGCTCATTAAGAGGCATTCTAGCTATAGAGGC",3
"CGCTCATTAAGAGGCATTCTAGCTCCTATCCT",4
"CGCTCATTAAGCAACGCGAATTCCTATAGCCT",3
"CGCTCATTAAGCAACGTGCCTTACTATAGCCT",5
"CGCTCATTAAGCAACGTTCATCCAGGCTCTGA",1
"CGCTCATTACGAATCTAACGAACGTATAGCCT",4
"CGCTCATTACGAATCTAAGAGATGGGCTCTGA",1
"CGCTCATTACGAATCTAATGACGTATAGAGGC",4
"CGCTCATTACGAATCTAGGATAACCAGGACGT",1
"CGCTCATTACGTTCGAAACGAACGTATAGCCT",1
"CGCTCATTACGTTCGAAGGATAACCCTATCCT",3
"CGCTCATTACGTTCGACGAATTCCATAGAGGC",3
"CGCTCATTACGTTCGAGAAGTATGGGCTCTGA",3
"CGCTCATTACGTTCGAGGATACTATATAGCCT",4
"CGCTCATTACGTTCGATAAGATCCATAGAGGC",1
"CGCTCATTACGTTCGATCCGGTAATATAGCCT",3
"CGCTCATTACTCGCTAAAGGAGTAGGCTCTGA",5
"CGCTCATTACTCGCTAATCTGAGTCCTATCCT",2
"CGCTCATTACTCGCTACGTCTAATCAGGACGT",1
"CGCTCATTACTCGCTACTAAGCCTCCTATCCT",3
"CGCTCATTACTCGCTACTCTCTATCAGGACGT",3
"CGCTCATTACTCGCTAGAGCCTTATATAGCCT",3
"CGCTCATTACTCGCTAGCGTAAGACAGGACGT",5
"CGCTCATTACTCGCTATATCCTCTCAGGACGT",3
"CGCTCATTACTCGCTATTATGCGACAGGACGT",3
"CGCTCATTACTGAGCGAAGGAGTATATAGCCT",1
"CGCTCATTACTGAGCGAAGGCTATATAGAGGC",3
"CGCTCATTACTGAGCGCTCTCTATATAGAGGC",3
"CGCTCATTACTGAGCGTCGACTAGTATAGCCT",3
"CGCTCATTAGGCAGAACCTAGAGTTATAGCCT",2
"CGCTCATTAGGCAGAACTAAGCCTTATAGCCT",5
"CGCTCATTAGGCAGAAGCGTAAGAGGCTCTGA",5
"CGCTCATTATAAGTCGAGGATAACATAGAGGC",3
"CGCTCATTATAAGTCGATTCGTTGTATAGCCT",5
"CGCTCATTATAAGTCGGGTTAGACTATAGCCT",3
"CGCTCATTATCTCAGGAAGGCTATATAGAGGC",3
"CGCTCATTATCTCAGGATCTGAGTGGCTCTGA",5
"CGCTCATTATCTCAGGCTCTCTATCCTATCCT",2
"CGCTCATTATCTCAGGTATCCTCTCAGGACGT",5
"CGCTCATTATCTCAGGTCGACTAGCCTATCCT",3
"CGCTCATTATGCGCAGTATCCTCTGGCTCTGA",5
"CGCTCATTATGCGCAGTATCCTCTTATAGCCT",4
"CGCTCATTCAAGTTCACGAATTCCTATAGCCT",4
"CGCTCATTCAAGTTCATCCGGTAATATAGCCT",1
"CGCTCATTCAAGTTCATTACGACCTATAGCCT",3
"CGCTCATTCAGAACTGATTCGTTGATAGAGGC",3
"CGCTCATTCAGAACTGGAAGTATGTATAGCCT",3
"CGCTCATTCAGAACTGTAAGATCCCCTATCCT",3
"CGCTCATTCAGAACTGTGCCTTACATAGAGGC",2
"CGCTCATTCCTAAGACAAGGAGTATATAGCCT",3
"CGCTCATTCCTAAGACACTGCATACCTATCCT",3
"CGCTCATTCCTAAGACCCTAGAGTCAGGACGT",3
"CGCTCATTCCTAAGACCGTCTAATATAGAGGC",3
"CGCTCATTCCTAAGACTCGACTAGGGCTCTGA",2
"CGCTCATTCCTAAGACTTCTAGCTATAGAGGC",3
"CGCTCATTCGAGGCTGAAGGCTATTATAGCCT",4
"CGCTCATTCGAGGCTGATCTGAGTATAGAGGC",3
"CGCTCATTCGAGGCTGCGTCTAATCAGGACGT",2
"CGCTCATTCGAGGCTGCGTCTAATGGCTCTGA",5
"CGCTCATTCGAGGCTGGAGCCTTATATAGCCT",3
"CGCTCATTCGAGGCTGTCGACTAGCAGGACGT",3
"CGCTCATTCGAGGCTGTTCTAGCTGGCTCTGA",3
"CGCTCATTCGATCAGTAAGGCTATATAGAGGC",3
"CGCTCATTCGATCAGTATCTGAGTCCTATCCT",3
"CGCTCATTCGATCAGTCTAAGCCTTATAGCCT",3
"CGCTCATTCGATCAGTCTCTCTATGGCTCTGA",3
"CGCTCATTCGATCAGTGAGCCTTAATAGAGGC",3
"CGCTCATTCGATCAGTTATCCTCTATAGAGGC",3
"CGCTCATTCGATCAGTTATCCTCTCCTATCCT",3
"CGCTCATTCGATCAGTTTATGCGACAGGACGT",2
"CGCTCATTCGCTTGATAAGAGATGCAGGACGT",2
"CGCTCATTCGCTTGATGGTTAGACTATAGCCT",3
"CGCTCATTCGTACTAGAAGGCTATCAGGACGT",5
"CGCTCATTCGTACTAGAAGGCTATTATAGCCT",4
"CGCTCATTCGTACTAGACTGCATACAGGACGT",3
"CGCTCATTCGTACTAGACTGCATAGGCTCTGA",3
"CGCTCATTCGTACTAGCGTCTAATCAGGACGT",5
"CGCTCATTCGTACTAGCTAAGCCTATAGAGGC",3
"CGCTCATTCGTACTAGCTCTCTATGGCTCTGA",5
"CGCTCATTCGTACTAGGCGTAAGATATAGCCT",3
"CGCTCATTCGTATAGAAACGAACGGGCTCTGA",1
"CGCTCATTCGTATAGAGGTTAGACTATAGCCT",3
"CGCTCATTCGTATAGATAAGATCCCCTATCCT",3
"CGCTCATTCGTATAGATTACGACCATAGAGGC",3
"CGCTCATTCTAATGCTAACGAACGCAGGACGT",3
"CGCTCATTCTAATGCTATAGCCTTGGCTCTGA",3
"CGCTCATTCTAATGCTGGATACTATATAGCCT",2
"CGCTCATTCTCTCTACACTGCATAGGCTCTGA",3
"CGCTCATTCTCTCTACCTAAGCCTCAGGACGT",3
"CGCTCATTCTCTCTACCTCTCTATCCTATCCT",3
"CGCTCATTCTCTCTACTATCCTCTCAGGACGT",3
"CGCTCATTCTCTGGTAAAGGCTATCAGGACGT",3
"CGCTCATTCTCTGGTAATCTGAGTCCTATCCT",3
"CGCTCATTCTCTGGTACTCTCTATATAGAGGC",3
"CGCTCATTCTCTGGTAGAGCCTTAATAGAGGC",3
"CGCTCATTCTTCAATGAACGAACGCAGGACGT",2
"CGCTCATTCTTCAATGAAGAGATGTATAGCCT",3
"CGCTCATTCTTCAATGAGGATAACATAGAGGC",3
"CGCTCATTCTTCAATGGGATACTACAGGACGT",3
"CGCTCATTCTTCAATGTCCGGTAAATAGAGGC",3
"CGCTCATTCTTCAATGTGCCTTACTATAGCCT",2
"CGCTCATTGAACGGTAAACGAACGGGCTCTGA",3
"CGCTCATTGAACGGTAAATGACGTATAGAGGC",2
"CGCTCATTGAACGGTAAATGACGTTATAGCCT",2
"CGCTCATTGAACGGTAATTCGTTGCAGGACGT",5
"CGCTCATTGAACGGTAATTCGTTGTATAGCCT",3
"CGCTCATTGAACGGTATAAGATCCTATAGCCT",3
"CGCTCATTGAACGGTATGCCTTACGGCTCTGA",1
"CGCTCATTGAACGGTATTACGACCCAGGACGT",4
"CGCTCATTGAACGGTATTCATCCAATAGAGGC",5
"CGCTCATTGAACGGTATTCATCCATATAGCCT",1
"CGCTCATTGAACGGTATTGGAAGTATAGAGGC",3
"CGCTCATTGAATTACGGGTTAGACCCTATCCT",3
"CGCTCATTGAATTACGTCCGGTAACAGGACGT",3
"CGCTCATTGCAACCTAATTCGTTGCCTATCCT",1
"CGCTCATTGCAACCTAGGTTAGACTATAGCCT",2
"CGCTCATTGCAACCTATAAGATCCTATAGCCT",3
"CGCTCATTGCAACCTATGCCTTACATAGAGGC",5
"CGCTCATTGCAACCTATTGGAAGTTATAGCCT",3
"CGCTCATTGCCTCAATCGAATTCCTATAGCCT",3
"CGCTCATTGCCTCAATTCCGGTAATATAGCCT",5
"CGCTCATTGCCTCAATTGCCTTACTATAGCCT",2
"CGCTCATTGCGTAGTAAAGGAGTAATAGAGGC",3
"CGCTCATTGCGTAGTACGTCTAATTATAGCCT",2
"CGCTCATTGCGTAGTACTCTCTATGGCTCTGA",3
"CGCTCATTGCTCATGAAAGGAGTAGGCTCTGA",2
"CGCTCATTGCTCATGAAAGGCTATTATAGCCT",1
"CGCTCATTGCTCATGAACTGCATACAGGACGT",3
"CGCTCATTGCTCATGACGTCTAATCCTATCCT",3
"CGCTCATTGCTCATGAGAGCCTTAATAGAGGC",3
"CGCTCATTGCTCATGAGAGCCTTACAGGACGT",2
"CGCTCATTGCTCATGATTATGCGAATAGAGGC",2
"CGCTCATTGCTCATGATTCTAGCTCCTATCCT",3
"CGCTCATTGGACTCCTAAGGAGTATATAGCCT",5
"CGCTCATTGGACTCCTATCTGAGTCAGGACGT",3
"CGCTCATTGGACTCCTCTAAGCCTCCTATCCT",2
"CGCTCATTGGACTCCTTCTCTCCGGGCTCTGA",5
"CGCTCATTGGACTCCTTTCTAGCTTATAGCCT",5
"CGCTCATTGGAGCTACAAGGCTATCAGGACGT",3
"CGCTCATTGGAGCTACAAGGCTATCCTATCCT",4
"CGCTCATTGGAGCTACCCTAGAGTATAGAGGC",3
"CGCTCATTGGAGCTACCGTCTAATATAGAGGC",3
"CGCTCATTGGAGCTACCTCTCTATATAGAGGC",2
"CGCTCATTGGAGCTACGTAAGGAGATAGAGGC",3
"CGCTCATTGGAGCTACTATCCTCTCCTATCCT",3
"CGCTCATTGGAGCTACTTCTAGCTCCTATCCT",3
"CGCTCATTGTAGAGGAAAGGAGTACCTATCCT",3
"CGCTCATTGTAGAGGAACTGCATACAGGACGT",3
"CGCTCATTGTAGAGGACCTAGAGTCCTATCCT",3
"CGCTCATTGTAGAGGACGTCTAATCCTATCCT",3
"CGCTCATTGTAGAGGAGAGCCTTAATAGAGGC",2
"CGCTCATTGTCATGAAAACGAACGATAGAGGC",3
"CGCTCATTGTCTACCAAAGAGATGATAGAGGC",3
"CGCTCATTGTCTACCAAGGATAACCAGGACGT",3
"CGCTCATTGTCTACCAATAGCCTTTATAGCCT",1
"CGCTCATTGTCTACCAGGATACTACAGGACGT",3
"CGCTCATTTAAGGCGAACTGCATAGGCTCTGA",3
"CGCTCATTTAAGGCGAGAGCCTTATATAGCCT",5
"CGCTCATTTAAGGCGATCGACTAGGGCTCTGA",3
"CGCTCATTTAAGGCGATCGACTAGTATAGCCT",3
"CGCTCATTTAAGGCGATTCTAGCTCAGGACGT",3
"CGCTCATTTACGCTGCAAGGCTATTATAGCCT",3
"CGCTCATTTACGCTGCTATCCTCTTATAGCCT",5
"CGCTCATTTACGCTGCTCTCTCCGCAGGACGT",3
"CGCTCATTTACGCTGCTCTCTCCGCCTATCCT",3
"CGCTCATTTACTGCCTAATGACGTCAGGACGT",4
"CGCTCATTTAGCGCTCAAGGAGTACCTATCCT",3
"CGCTCATTTAGCGCTCGAGCCTTACAGGACGT",3
"CGCTCATTTAGGCATGACTGCATATATAGCCT",3
"CGCTCATTTAGGCATGCTCTCTATTATAGCCT",3
"CGCTCATTTAGGCATGGAGCCTTACAGGACGT",2
"CGCTCATTTAGGCATGTCGACTAGTATAGCCT",3
"CGCTCATTTATGCCATAATGACGTGGCTCTGA",3
"CGCTCATTTATGCCATAGGATAACCAGGACGT",2
"CGCTCATTTATGCCATGAAGTATGTATAGCCT",4
"CGCTCATTTATGGTCGTCCGGTAACCTATCCT",1
"CGCTCATTTATGGTCGTGCCTTACCCTATCCT",3
"CGCTCATTTCCTGAGCATCTGAGTCAGGACGT",4
"CGCTCATTTCCTGAGCGTAAGGAGCAGGACGT",2
"CGCTCATTTCCTGAGCTATCCTCTCCTATCCT",3
"CGCTCATTTCCTGAGCTTATGCGACAGGACGT",4
"CGCTCATTTCGACGTCACTGCATACCTATCCT",3
"CGCTCATTTCGACGTCATCTGAGTCCTATCCT",2
"CGCTCATTTCGACGTCCCTAGAGTATAGAGGC",3
"CGCTCATTTCGACGTCCGTCTAATGGCTCTGA",4
"CGCTCATTTCGACGTCCTAAGCCTATAGAGGC",3
"CGCTCATTTCGACGTCGCGTAAGAGGCTCTGA",3
"CGCTCATTTCGACGTCTATCCTCTATAGAGGC",5
"CGCTCATTTCTATCCGAATGACGTTATAGCCT",1
"CGCTCATTTCTATCCGAGGATAACTATAGCCT",4
"CGCTCATTTCTATCCGTTACGACCGGCTCTGA",5
"CGCTCATTTGCAGCTAAAGGAGTACAGGACGT",3
"CGCTCATTTGCAGCTAAAGGCTATCAGGACGT",3
"CGCTCATTTGCAGCTAACTGCATACAGGACGT",2
"CGCTCATTTGCAGCTACTAAGCCTATAGAGGC",3
"CGCTCATTTGCAGCTACTAAGCCTCAGGACGT",4
"CGCTCATTTGCAGCTACTCTCTATCCTATCCT",5
"CGCTCATTTGCAGCTAGAGCCTTATATAGCCT",4
"CGCTCATTTGCCAATTAAGAGATGCCTATCCT",3
"CGCTCATTTGCCAATTGGATACTATATAGCCT",3
"CGCTCATTTGCCAATTTAAGATCCTATAGCCT",3
"CGCTCATTTGCCAATTTCCGGTAATATAGCCT",3
"CGCTCATTTGCCAATTTTACGACCATAGAGGC",1
"CGCTCATTTGCCAATTTTCATCCAATAGAGGC",3
"CGCTCATTTTAGCCTCGAAGTATGCAGGACGT",5
"CGCTCATTTTAGCCTCTTACGACCCCTATCCT",3
"CGCTCATTTTAGCCTCTTCATCCATATAGCCT",3
"CGCTCATTTTAGCCTCTTGGAAGTCAGGACGT",3
"CGCTCATTTTCCATCCATTCGTTGATAGAGGC",3
"CGCTCATTTTCCATCCGGATACTAGGCTCTGA",3
"CGCTCATTTTCCATCCTAAGATCCCCTATCCT",4
"CGCTCATTTTCCATCCTAAGATCCGGCTCTGA",3
"CGCTCATTTTCCATCCTTGGAAGTATAGAGGC",1
"CGGCTATGAACCAGGTAATGACGTTATAGCCT",4
"CGGCTATGAAGAGGCAAAGGAGTAATAGAGGC",3
"CGGCTATGAAGAGGCAAAGGAGTACAGGACGT",3
"CGGCTATGAAGAGGCAACTGCATAGGCTCTGA",3
"CGGCTATGAAGAGGCAATCTGAGTTATAGCCT",3
"CGGCTATGAAGAGGCACGTCTAATCCTATCCT",3
"CGGCTATGAAGAGGCAGCGTAAGAGGCTCTGA",3
"CGGCTATGAAGAGGCATTATGCGAATAGAGGC",5
"CGGCTATGAAGAGGCATTATGCGACCTATCCT",3
"CGGCTATGAAGAGGCATTATGCGATATAGCCT",3
"CGGCTATGAAGCAACGCGAATTCCTATAGCCT",4
"CGGCTATGAAGCAACGGGATACTACAGGACGT",2
"CGGCTATGAAGCAACGGGTTAGACATAGAGGC",3
"CGGCTATGAAGCAACGTTACGACCGGCTCTGA",3
"CGGCTATGAAGCAACGTTCATCCACAGGACGT",3
"CGGCTATGACGAATCTAAGAGATGTATAGCCT",5
"CGGCTATGACGAATCTAGGATAACCAGGACGT",4
"CGGCTATGACGAATCTATTCGTTGCAGGACGT",2
"CGGCTATGACGAATCTTAAGATCCATAGAGGC",3
"CGGCTATGACGAATCTTTACGACCCAGGACGT",4
"CGGCTATGACGAATCTTTCATCCACAGGACGT",4
"CGGCTATGACGAATCTTTGGAAGTTATAGCCT",5
"CGGCTATGACGTTCGAAACGAACGCAGGACGT",3
"CGGCTATGACGTTCGAGAAGTATGTATAGCCT",5
"CGGCTATGACGTTCGAGGTTAGACATAGAGGC",3
"CGGCTATGACGTTCGATAAGATCCATAGAGGC",1
"CGGCTATGACGTTCGATCCGGTAATATAGCCT",3
"CGGCTATGACGTTCGATGCCTTACCAGGACGT",3
"CGGCTATGACGTTCGATTCATCCAATAGAGGC",3
"CGGCTATGACGTTCGATTCATCCATATAGCCT",3
"CGGCTATGACTCGCTAAAGGAGTATATAGCCT",2
"CGGCTATGACTCGCTACGTCTAATATAGAGGC",2
"CGGCTATGACTCGCTAGCGTAAGACCTATCCT",4
"CGGCTATGACTCGCTATCGACTAGGGCTCTGA",2
"CGGCTATGACTGAGCGAAGGAGTATATAGCCT",4
"CGGCTATGACTGAGCGACTGCATACAGGACGT",5
"CGGCTATGACTGAGCGTATCCTCTCAGGACGT",5
"CGGCTATGACTGAGCGTTATGCGATATAGCCT",3
"CGGCTATGAGGCAGAAAAGGAGTAATAGAGGC",1
"CGGCTATGAGGCAGAAAAGGCTATATAGAGGC",3
"CGGCTATGAGGCAGAAATCTGAGTCCTATCCT",4
"CGGCTATGAGGCAGAAGAGCCTTAATAGAGGC",3
"CGGCTATGAGGCAGAAGAGCCTTATATAGCCT",2
"CGGCTATGAGGCAGAATCGACTAGTATAGCCT",3
"CGGCTATGATAAGTCGAAGAGATGCAGGACGT",3
"CGGCTATGATAAGTCGGGATACTACAGGACGT",3
"CGGCTATGATAAGTCGTAAGATCCCAGGACGT",2
"CGGCTATGATAAGTCGTGCCTTACCAGGACGT",3
"CGGCTATGATAAGTCGTGCCTTACGGCTCTGA",3
"CGGCTATGATAAGTCGTGCCTTACTATAGCCT",3
"CGGCTATGATCTCAGGAAGGAGTAATAGAGGC",1
"CGGCTATGATCTCAGGACTGCATACAGGACGT",5
"CGGCTATGATCTCAGGACTGCATAGGCTCTGA",3
"CGGCTATGATCTCAGGCTCTCTATATAGAGGC",3
"CGGCTATGATCTCAGGGTAAGGAGATAGAGGC",3
"CGGCTATGATCTCAGGTCGACTAGTATAGCCT",5
"CGGCTATGATCTCAGGTCTCTCCGCAGGACGT",5
"CGGCTATGATCTCAGGTTCTAGCTATAGAGGC",3
"CGGCTATGATGCGCAGAAGGAGTATATAGCCT",4
"CGGCTATGATGCGCAGGAGCCTTAATAGAGGC",4
"CGGCTATGATGCGCAGGAGCCTTACCTATCCT",2
"CGGCTATGATGCGCAGGAGCCTTATATAGCCT",3
"CGGCTATGATGCGCAGGCGTAAGACAGGACGT",5
"CGGCTATGCAAGTTCAATTCGTTGTATAGCCT",5
"CGGCTATGCAAGTTCACGAATTCCATAGAGGC",4
"CGGCTATGCAAGTTCAGAAGTATGCAGGACGT",4
"CGGCTATGCAAGTTCATAAGATCCATAGAGGC",3
"CGGCTATGCAGAACTGATTCGTTGTATAGCCT",3
"CGGCTATGCAGAACTGCGAATTCCCAGGACGT",1
"CGGCTATGCAGAACTGGAAGTATGCAGGACGT",1
"CGGCTATGCAGAACTGTGCCTTACCAGGACGT",2
"CGGCTATGCCTAAGACCCTAGAGTATAGAGGC",1
"CGGCTATGCCTAAGACCTAAGCCTCAGGACGT",3
"CGGCTATGCCTAAGACCTAAGCCTTATAGCCT",3
"CGGCTATGCGAGGCTGACTGCATATATAGCCT",5
"CGGCTATGCGAGGCTGTTCTAGCTATAGAGGC",5
"CGGCTATGCGATCAGTACTGCATAATAGAGGC",3
"CGGCTATGCGATCAGTTCGACTAGATAGAGGC",3
"CGGCTATGCGATCAGTTTATGCGAATAGAGGC",1
"CGGCTATGCGCTTGATAAGAGATGCAGGACGT",5
"CGGCTATGCGCTTGATGGATACTATATAGCCT",1
"CGGCTATGCGCTTGATTCCGGTAATATAGCCT",3
"CGGCTATGCGTACTAGACTGCATAATAGAGGC",3
"CGGCTATGCGTACTAGATCTGAGTCAGGACGT",1
"CGGCTATGCGTACTAGCTAAGCCTCAGGACGT",4
"CGGCTATGCGTACTAGCTAAGCCTGGCTCTGA",5
"CGGCTATGCGTACTAGGAGCCTTAATAGAGGC",5
"CGGCTATGCGTACTAGGAGCCTTACAGGACGT",3
"CGGCTATGCGTACTAGGTAAGGAGTATAGCCT",3
"CGGCTATGCGTACTAGTATCCTCTATAGAGGC",3
"CGGCTATGCGTACTAGTCTCTCCGATAGAGGC",3
"CGGCTATGCGTATAGAAATGACGTTATAGCCT",4
"CGGCTATGCGTATAGAGGTTAGACCAGGACGT",3
"CGGCTATGCGTATAGAGGTTAGACTATAGCCT",3
"CGGCTATGCGTATAGATAAGATCCCAGGACGT",3
"CGGCTATGCGTATAGATTACGACCCCTATCCT",3
"CGGCTATGCTAATGCTAATGACGTATAGAGGC",5
"CGGCTATGCTAATGCTATTCGTTGCAGGACGT",3
"CGGCTATGCTAATGCTATTCGTTGTATAGCCT",4
"CGGCTATGCTAATGCTGGATACTATATAGCCT",4
"CGGCTATGCTAATGCTTTGGAAGTCAGGACGT",5
"CGGCTATGCTCTCTACAAGGAGTAATAGAGGC",3
"CGGCTATGCTCTCTACACTGCATAATAGAGGC",2
"CGGCTATGCTCTCTACACTGCATACCTATCCT",2
"CGGCTATGCTCTCTACATCTGAGTATAGAGGC",3
"CGGCTATGCTCTCTACCTAAGCCTTATAGCCT",4
"CGGCTATGCTCTCTACGCGTAAGAATAGAGGC",1
"CGGCTATGCTCTGGTACCTAGAGTGGCTCTGA",3
"CGGCTATGCTCTGGTACGTCTAATTATAGCCT",1
"CGGCTATGCTCTGGTACTAAGCCTGGCTCTGA",3
"CGGCTATGCTCTGGTACTCTCTATTATAGCCT",2
"CGGCTATGCTCTGGTAGCGTAAGATATAGCCT",4
"CGGCTATGCTCTGGTATCTCTCCGTATAGCCT",4
"CGGCTATGCTCTGGTATTATGCGACAGGACGT",3
"CGGCTATGCTCTGGTATTATGCGATATAGCCT",3
"CGGCTATGCTTCAATGTCCGGTAAATAGAGGC",2
"CGGCTATGCTTCAATGTTACGACCCAGGACGT",3
"CGGCTATGCTTCAATGTTCATCCATATAGCCT",3
"CGGCTATGCTTCAATGTTGGAAGTTATAGCCT",4
"CGGCTATGGAACGGTAAACGAACGCAGGACGT",3
"CGGCTATGGAACGGTAATTCGTTGCAGGACGT",5
"CGGCTATGGAACGGTACGAATTCCCAGGACGT",2
"CGGCTATGGAACGGTATTCATCCACAGGACGT",3
"CGGCTATGGAATTACGATAGCCTTTATAGCCT",4
"CGGCTATGGAATTACGGGTTAGACCAGGACGT",5
"CGGCTATGGAATTACGTCCGGTAACAGGACGT",3
"CGGCTATGGAATTACGTTACGACCTATAGCCT",3
"CGGCTATGGAATTACGTTGGAAGTCAGGACGT",3
"CGGCTATGGCAACCTAAATGACGTATAGAGGC",4
"CGGCTATGGCAACCTAATTCGTTGCAGGACGT",3
"CGGCTATGGCAACCTAGGATACTACAGGACGT",4
"CGGCTATGGCAACCTATAAGATCCATAGAGGC",5
"CGGCTATGGCAACCTATCCGGTAACAGGACGT",3
"CGGCTATGGCCTCAATAAGAGATGTATAGCCT",3
"CGGCTATGGCCTCAATAGGATAACATAGAGGC",3
"CGGCTATGGCCTCAATAGGATAACTATAGCCT",3
"CGGCTATGGCCTCAATTGCCTTACCAGGACGT",3
"CGGCTATGGCCTCAATTGCCTTACTATAGCCT",3
"CGGCTATGGCGTAGTACCTAGAGTATAGAGGC",3
"CGGCTATGGCGTAGTACCTAGAGTTATAGCCT",5
"CGGCTATGGCGTAGTACGTCTAATTATAGCCT",5
"CGGCTATGGCGTAGTACTCTCTATGGCTCTGA",3
"CGGCTATGGCGTAGTATTCTAGCTTATAGCCT",1
"CGGCTATGGCTCATGAAAGGCTATTATAGCCT",3
"CGGCTATGGCTCATGACCTAGAGTATAGAGGC",3
"CGGCTATGGCTCATGACGTCTAATTATAGCCT",3
"CGGCTATGGCTCATGAGTAAGGAGATAGAGGC",5
"CGGCTATGGCTCATGATCGACTAGCAGGACGT",5
"CGGCTATGGCTCATGATTATGCGATATAGCCT",1
"CGGCTATGGGACTCCTATCTGAGTCAGGACGT",1
"CGGCTATGGGACTCCTATCTGAGTTATAGCCT",3
"CGGCTATGGGACTCCTTCGACTAGTATAGCCT",3
"CGGCTATGGGAGCTACAAGGAGTATATAGCCT",4
"CGGCTATGGGAGCTACACTGCATACCTATCCT",3
"CGGCTATGGGAGCTACATCTGAGTTATAGCCT",1
"CGGCTATGGGAGCTACCCTAGAGTCCTATCCT",3
"CGGCTATGGGAGCTACCGTCTAATTATAGCCT",3
"CGGCTATGGGAGCTACGCGTAAGAATAGAGGC",1
"CGGCTATGGGAGCTACTATCCTCTTATAGCCT",2
"CGGCTATGGGAGCTACTCGACTAGATAGAGGC",5
"CGGCTATGGGAGCTACTTCTAGCTTATAGCCT",3
"CGGCTATGGTAGAGGATTCTAGCTATAGAGGC",3
"CGGCTATGGTCATGAAAGGATAACATAGAGGC",4
"CGGCTATGGTCATGAATAAGATCCATAGAGGC",3
"CGGCTATGGTCTACCAAATGACGTCAGGACGT",5
"CGGCTATGGTCTACCAGAAGTATGCAGGACGT",3
"CGGCTATGGTCTACCAGAAGTATGTATAGCCT",3
"CGGCTATGGTCTACCATCCGGTAATATAGCCT",3
"CGGCTATGTAAGGCGAATCTGAGTCAGGACGT",1
"CGGCTATGTAAGGCGATCTCTCCGATAGAGGC",3
"CGGCTATGTAAGGCGATTCTAGCTCCTATCCT",3
"CGGCTATGTACGCTGCAAGGAGTATATAGCCT",5
"CGGCTATGTACGCTGCAAGGCTATTATAGCCT",3
"CGGCTATGTACGCTGCATCTGAGTGGCTCTGA",3
"CGGCTATGTACGCTGCATCTGAGTTATAGCCT",5
"CGGCTATGTACGCTGCCCTAGAGTATAGAGGC",1
"CGGCTATGTACGCTGCTCGACTAGGGCTCTGA",4
"CGGCTATGTACGCTGCTCTCTCCGTATAGCCT",1
"CGGCTATGTACGCTGCTTATGCGACCTATCCT",3
"CGGCTATGTACGCTGCTTCTAGCTATAGAGGC",3
"CGGCTATGTACTGCCTAATGACGTTATAGCCT",3
"CGGCTATGTACTGCCTAGGATAACTATAGCCT",3
"CGGCTATGTACTGCCTATAGCCTTTATAGCCT",3
"CGGCTATGTACTGCCTTCCGGTAAATAGAGGC",3
"CGGCTATGTAGCGCTCAAGGCTATATAGAGGC",3
"CGGCTATGTAGCGCTCAAGGCTATTATAGCCT",5
"CGGCTATGTAGCGCTCTATCCTCTCAGGACGT",2
"CGGCTATGTAGGCATGAAGGCTATTATAGCCT",4
"CGGCTATGTAGGCATGCGTCTAATCAGGACGT",4
"CGGCTATGTAGGCATGCTCTCTATTATAGCCT",1
"CGGCTATGTATGCCATAATGACGTTATAGCCT",4
"CGGCTATGTATGCCATGAAGTATGTATAGCCT",3
"CGGCTATGTATGCCATTGCCTTACTATAGCCT",5
"CGGCTATGTATGCCATTTGGAAGTTATAGCCT",3
"CGGCTATGTATGGTCGAATGACGTTATAGCCT",5
"CGGCTATGTATGGTCGCGAATTCCCAGGACGT",2
"CGGCTATGTATGGTCGGAAGTATGATAGAGGC",3
"CGGCTATGTATGGTCGGAAGTATGTATAGCCT",3
"CGGCTATGTCCTGAGCCCTAGAGTTATAGCCT",3
"CGGCTATGTCCTGAGCCTCTCTATTATAGCCT",3
"CGGCTATGTCCTGAGCGAGCCTTATATAGCCT",3
"CGGCTATGTCCTGAGCTCGACTAGCAGGACGT",5
"CGGCTATGTCCTGAGCTTCTAGCTATAGAGGC",1
"CGGCTATGTCCTGAGCTTCTAGCTTATAGCCT",2
"CGGCTATGTCGACGTCAAGGCTATTATAGCCT",2
"CGGCTATGTCGACGTCATCTGAGTTATAGCCT",3
"CGGCTATGTCGACGTCCCTAGAGTCAGGACGT",3
"CGGCTATGTCGACGTCCGTCTAATGGCTCTGA",3
"CGGCTATGTCGACGTCCGTCTAATTATAGCCT",5
"CGGCTATGTCGACGTCGCGTAAGACAGGACGT",5
"CGGCTATGTCGACGTCGCGTAAGATATAGCCT",4
"CGGCTATGTCGACGTCTCGACTAGCAGGACGT",1
"CGGCTATGTCGACGTCTCGACTAGCCTATCCT",3
"CGGCTATGTCGACGTCTTCTAGCTATAGAGGC",3
"CGGCTATGTCTATCCGAAGAGATGTATAGCCT",3
"CGGCTATGTCTATCCGTCCGGTAAATAGAGGC",3
"CGGCTATGTGCAGCTAAAGGCTATATAGAGGC",5
"CGGCTATGTGCAGCTACGTCTAATCAGGACGT",3
"CGGCTATGTGCAGCTAGAGCCTTAATAGAGGC",1
"CGGCTATGTGCAGCTAGAGCCTTACAGGACGT",5
"CGGCTATGTGCAGCTATCGACTAGATAGAGGC",3
"CGGCTATGTGCAGCTATTATGCGATATAGCCT",4
"CGGCTATGTGCCAATTATTCGTTGCAGGACGT",5
"CGGCTATGTGCCAATTTAAGATCCCAGGACGT",3
"CGGCTATGTGCCAATTTTGGAAGTCAGGACGT",4
"CGGCTATGTTAGCCTCAATGACGTCAGGACGT",3
"CGGCTATGTTAGCCTCGGATACTAATAGAGGC",1
"CGGCTATGTTCCATCCTCCGGTAACAGGACGT",3
"CGGCTATGTTCCATCCTGCCTTACATAGAGGC",2
"CGGCTATGTTCCATCCTTACGACCTATAGCCT",5
"CGGCTATGTTCCATCCTTGGAAGTCAGGACGT",2
"CTGAAGCTAACCAGGTAACGAACGATAGAGGC",3
"CTGAAGCTAACCAGGTAGGATAACATAGAGGC",1
"CTGAAGCTAACCAGGTGAAGTATGCAGGACGT",3
"CTGAAGCTAAGAGGCAAAGGCTATGGCTCTGA",3
"CTGAAGCTAAGAGGCACGTCTAATGGCTCTGA",4
"CTGAAGCTAAGAGGCACTAAGCCTGGCTCTGA",2
"CTGAAGCTAAGAGGCATCGACTAGGGCTCTGA",1
"CTGAAGCTAAGAGGCATCTCTCCGATAGAGGC",2
"CTGAAGCTAAGAGGCATTATGCGAATAGAGGC",3
"CTGAAGCTAAGCAACGAACGAACGTATAGCCT",3
"CTGAAGCTAAGCAACGATAGCCTTCAGGACGT",3
"CTGAAGCTAAGCAACGATTCGTTGCCTATCCT",1
"CTGAAGCTAAGCAACGTAAGATCCATAGAGGC",3
"CTGAAGCTACGAATCTAAGAGATGCAGGACGT",3
"CTGAAGCTACGAATCTATTCGTTGATAGAGGC",3
"CTGAAGCTACGAATCTGGATACTAATAGAGGC",2
"CTGAAGCTACGAATCTTTACGACCCAGGACGT",4
"CTGAAGCTACGTTCGAAATGACGTCAGGACGT",1
"CTGAAGCTACGTTCGAATTCGTTGATAGAGGC",5
"CTGAAGCTACGTTCGAGGATACTATATAGCCT",3
"CTGAAGCTACGTTCGATCCGGTAACAGGACGT",2
"CTGAAGCTACTCGCTAAAGGCTATATAGAGGC",2
"CTGAAGCTACTCGCTACGTCTAATGGCTCTGA",3
"CTGAAGCTACTCGCTACTAAGCCTCAGGACGT",2
"CTGAAGCTACTCGCTAGAGCCTTAGGCTCTGA",4
"CTGAAGCTACTCGCTATCGACTAGATAGAGGC",3
"CTGAAGCTACTGAGCGAAGGCTATCAGGACGT",2
"CTGAAGCTACTGAGCGCTAAGCCTCAGGACGT",1
"CTGAAGCTACTGAGCGGAGCCTTATATAGCCT",5
"CTGAAGCTAGGCAGAAAAGGAGTAATAGAGGC",5
"CTGAAGCTAGGCAGAAACTGCATATATAGCCT",3
"CTGAAGCTAGGCAGAAATCTGAGTTATAGCCT",3
"CTGAAGCTAGGCAGAAGCGTAAGATATAGCCT",3
"CTGAAGCTATAAGTCGTGCCTTACCAGGACGT",3
"CTGAAGCTATAAGTCGTTGGAAGTCCTATCCT",3
"CTGAAGCTATCTCAGGATCTGAGTCAGGACGT",3
"CTGAAGCTATCTCAGGCGTCTAATCAGGACGT",2
"CTGAAGCTATCTCAGGGAGCCTTAATAGAGGC",3
"CTGAAGCTATCTCAGGGCGTAAGAGGCTCTGA",2
"CTGAAGCTATCTCAGGGTAAGGAGATAGAGGC",3
"CTGAAGCTATCTCAGGTTCTAGCTCAGGACGT",3
"CTGAAGCTATGCGCAGAAGGAGTACAGGACGT",2
"CTGAAGCTATGCGCAGATCTGAGTATAGAGGC",4
"CTGAAGCTATGCGCAGTCGACTAGCAGGACGT",2
"CTGAAGCTATGCGCAGTCGACTAGGGCTCTGA",3
"CTGAAGCTCAAGTTCAAATGACGTATAGAGGC",5
"CTGAAGCTCAAGTTCAAATGACGTCAGGACGT",1
"CTGAAGCTCAAGTTCAGAAGTATGCAGGACGT",3
"CTGAAGCTCAAGTTCATTCATCCACAGGACGT",3
"CTGAAGCTCAGAACTGAATGACGTCAGGACGT",3
"CTGAAGCTCAGAACTGAGGATAACCAGGACGT",3
"CTGAAGCTCAGAACTGTTCATCCAATAGAGGC",3
"CTGAAGCTCAGAACTGTTGGAAGTGGCTCTGA",3
"CTGAAGCTCCTAAGACACTGCATACCTATCCT",3
"CTGAAGCTCCTAAGACCGTCTAATCAGGACGT",3
"CTGAAGCTCCTAAGACCTAAGCCTGGCTCTGA",3
"CTGAAGCTCCTAAGACGAGCCTTAATAGAGGC",3
"CTGAAGCTCCTAAGACGCGTAAGAGGCTCTGA",3
"CTGAAGCTCGAGGCTGAAGGAGTATATAGCCT",3
"CTGAAGCTCGAGGCTGAAGGCTATATAGAGGC",2
"CTGAAGCTCGAGGCTGAAGGCTATGGCTCTGA",2
"CTGAAGCTCGAGGCTGCTAAGCCTCAGGACGT",4
"CTGAAGCTCGAGGCTGGAGCCTTATATAGCCT",2
"CTGAAGCTCGAGGCTGGTAAGGAGTATAGCCT",1
"CTGAAGCTCGAGGCTGTCTCTCCGATAGAGGC",5
"CTGAAGCTCGAGGCTGTCTCTCCGCCTATCCT",1
"CTGAAGCTCGAGGCTGTCTCTCCGTATAGCCT",3
"CTGAAGCTCGATCAGTCTAAGCCTGGCTCTGA",5
"CTGAAGCTCGATCAGTCTCTCTATCAGGACGT",3
"CTGAAGCTCGCTTGATCGAATTCCTATAGCCT",3
"CTGAAGCTCGCTTGATGGTTAGACCAGGACGT",4
"CTGAAGCTCGCTTGATTTCATCCACAGGACGT",3
"CTGAAGCTCGTACTAGAAGGAGTATATAGCCT",3
"CTGAAGCTCGTACTAGCCTAGAGTATAGAGGC",2
"CTGAAGCTCGTACTAGGCGTAAGAATAGAGGC",5
"CTGAAGCTCGTACTAGGCGTAAGACAGGACGT",3
"CTGAAGCTCGTACTAGGTAAGGAGGGCTCTGA",4
"CTGAAGCTCGTACTAGTATCCTCTCAGGACGT",3
"CTGAAGCTCGTACTAGTTATGCGAGGCTCTGA",5
"CTGAAGCTCGTATAGAAAGAGATGCAGGACGT",3
"CTGAAGCTCGTATAGACGAATTCCGGCTCTGA",3
"CTGAAGCTCGTATAGATTACGACCTATAGCCT",5
"CTGAAGCTCTAATGCTAGGATAACATAGAGGC",2
"CTGAAGCTCTAATGCTTTCATCCACAGGACGT",3
"CTGAAGCTCTCTCTACAAGGAGTACAGGACGT",2
"CTGAAGCTCTCTCTACAAGGCTATATAGAGGC",5
"CTGAAGCTCTCTCTACAAGGCTATGGCTCTGA",3
"CTGAAGCTCTCTCTACAAGGCTATTATAGCCT",2
"CTGAAGCTCTCTCTACCGTCTAATATAGAGGC",1
"CTGAAGCTCTCTCTACTCTCTCCGCAGGACGT",3
"CTGAAGCTCTCTCTACTTATGCGAATAGAGGC",1
"CTGAAGCTCTCTGGTACGTCTAATATAGAGGC",3
"CTGAAGCTCTCTGGTACTAAGCCTATAGAGGC",5
"CTGAAGCTCTCTGGTACTAAGCCTTATAGCCT",2
"CTGAAGCTCTCTGGTACTCTCTATTATAGCCT",3
"CTGAAGCTCTCTGGTATATCCTCTATAGAGGC",2
"CTGAAGCTCTCTGGTATTCTAGCTATAGAGGC",2
"CTGAAGCTGAACGGTATAAGATCCCAGGACGT",3
"CTGAAGCTGAACGGTATTCATCCATATAGCCT",5
"CTGAAGCTGAATTACGAACGAACGCAGGACGT",3
"CTGAAGCTGAATTACGATTCGTTGCAGGACGT",3
"CTGAAGCTGAATTACGGAAGTATGCAGGACGT",2
"CTGAAGCTGAATTACGGAAGTATGTATAGCCT",3
"CTGAAGCTGCAACCTAATAGCCTTCCTATCCT",1
"CTGAAGCTGCAACCTAGAAGTATGCAGGACGT",4
"CTGAAGCTGCAACCTATTACGACCATAGAGGC",5
"CTGAAGCTGCAACCTATTACGACCGGCTCTGA",3
"CTGAAGCTGCCTCAATAGGATAACCAGGACGT",1
"CTGAAGCTGCGTAGTAAAGGAGTAATAGAGGC",2
"CTGAAGCTGCGTAGTAAAGGCTATATAGAGGC",2
"CTGAAGCTGCGTAGTACCTAGAGTGGCTCTGA",3
"CTGAAGCTGCGTAGTACTAAGCCTTATAGCCT",2
"CTGAAGCTGCGTAGTACTCTCTATATAGAGGC",3
"CTGAAGCTGCGTAGTATCGACTAGTATAGCCT",3
"CTGAAGCTGCTCATGAAAGGAGTAATAGAGGC",4
"CTGAAGCTGCTCATGATATCCTCTCAGGACGT",3
"CTGAAGCTGCTCATGATTCTAGCTATAGAGGC",5
"CTGAAGCTGCTCATGATTCTAGCTCAGGACGT",2
"CTGAAGCTGGACTCCTATCTGAGTATAGAGGC",5
"CTGAAGCTGGACTCCTCCTAGAGTATAGAGGC",4
"CTGAAGCTGGACTCCTCCTAGAGTGGCTCTGA",3
"CTGAAGCTGGAGCTACAAGGCTATATAGAGGC",2
"CTGAAGCTGGAGCTACATCTGAGTCAGGACGT",1
"CTGAAGCTGGAGCTACTCGACTAGCAGGACGT",3
"CTGAAGCTGTAGAGGAAAGGAGTAATAGAGGC",3
"CTGAAGCTGTAGAGGAAAGGCTATATAGAGGC",5
"CTGAAGCTGTAGAGGAAAGGCTATCAGGACGT",3
"CTGAAGCTGTAGAGGACCTAGAGTCAGGACGT",2
"CTGAAGCTGTAGAGGACTAAGCCTATAGAGGC",1
"CTGAAGCTGTAGAGGAGAGCCTTAGGCTCTGA",3
"CTGAAGCTGTAGAGGATCTCTCCGTATAGCCT",3
"CTGAAGCTGTAGAGGATTATGCGATATAGCCT",3
"CTGAAGCTGTAGAGGATTCTAGCTATAGAGGC",3
"CTGAAGCTGTCATGAAATTCGTTGGGCTCTGA",5
"CTGAAGCTGTCATGAAGGTTAGACATAGAGGC",3
"CTGAAGCTGTCATGAATTCATCCACAGGACGT",3
"CTGAAGCTGTCTACCAAAGAGATGTATAGCCT",2
"CTGAAGCTGTCTACCAATAGCCTTATAGAGGC",3
"CTGAAGCTGTCTACCAATAGCCTTCAGGACGT",4
"CTGAAGCTGTCTACCAATTCGTTGTATAGCCT",4
"CTGAAGCTGTCTACCACGAATTCCCAGGACGT",3
"CTGAAGCTGTCTACCAGAAGTATGCAGGACGT",4
"CTGAAGCTGTCTACCAGGATACTATATAGCCT",2
"CTGAAGCTGTCTACCATTACGACCTATAGCCT",3
"CTGAAGCTTAAGGCGAAAGGAGTACAGGACGT",3
"CTGAAGCTTAAGGCGAACTGCATATATAGCCT",3
"CTGAAGCTTAAGGCGACGTCTAATGGCTCTGA",1
"CTGAAGCTTAAGGCGACGTCTAATTATAGCCT",3
"CTGAAGCTTAAGGCGACTAAGCCTATAGAGGC",4
"CTGAAGCTTAAGGCGACTCTCTATGGCTCTGA",5
"CTGAAGCTTAAGGCGATTATGCGATATAGCCT",3
"CTGAAGCTTACGCTGCATCTGAGTATAGAGGC",3
"CTGAAGCTTACGCTGCCGTCTAATATAGAGGC",5
"CTGAAGCTTACGCTGCTCGACTAGCAGGACGT",4
"CTGAAGCTTACGCTGCTCGACTAGGGCTCTGA",5
"CTGAAGCTTACTGCCTAAGAGATGCAGGACGT",3
"CTGAAGCTTACTGCCTAATGACGTCAGGACGT",3
"CTGAAGCTTACTGCCTGGTTAGACTATAGCCT",3
"CTGAAGCTTACTGCCTTGCCTTACATAGAGGC",5
"CTGAAGCTTACTGCCTTTGGAAGTCAGGACGT",2
"CTGAAGCTTAGCGCTCAAGGAGTACAGGACGT",5
"CTGAAGCTTAGCGCTCACTGCATACCTATCCT",1
"CTGAAGCTTAGCGCTCATCTGAGTCAGGACGT",4
"CTGAAGCTTAGCGCTCCCTAGAGTCAGGACGT",5
"CTGAAGCTTAGCGCTCCCTAGAGTTATAGCCT",3
"CTGAAGCTTAGCGCTCCTAAGCCTGGCTCTGA",2
"CTGAAGCTTAGCGCTCCTCTCTATTATAGCCT",3
"CTGAAGCTTAGCGCTCGAGCCTTAATAGAGGC",2
"CTGAAGCTTAGCGCTCGCGTAAGAATAGAGGC",1
"CTGAAGCTTAGCGCTCTCTCTCCGTATAGCCT",5
"CTGAAGCTTAGCGCTCTTCTAGCTATAGAGGC",3
"CTGAAGCTTAGGCATGACTGCATAATAGAGGC",1
"CTGAAGCTTAGGCATGACTGCATACAGGACGT",2
"CTGAAGCTTAGGCATGATCTGAGTCCTATCCT",3
"CTGAAGCTTAGGCATGCCTAGAGTCAGGACGT",4
"CTGAAGCTTAGGCATGCCTAGAGTCCTATCCT",3
"CTGAAGCTTAGGCATGCCTAGAGTTATAGCCT",3
"CTGAAGCTTAGGCATGCTAAGCCTCAGGACGT",2
"CTGAAGCTTAGGCATGCTAAGCCTGGCTCTGA",5
"CTGAAGCTTAGGCATGTCGACTAGGGCTCTGA",5
"CTGAAGCTTAGGCATGTTCTAGCTCAGGACGT",3
"CTGAAGCTTATGCCATAACGAACGATAGAGGC",3
"CTGAAGCTTATGCCATATAGCCTTTATAGCCT",3
"CTGAAGCTTATGCCATGAAGTATGTATAGCCT",4
"CTGAAGCTTATGCCATGGTTAGACCAGGACGT",2
"CTGAAGCTTATGGTCGAATGACGTCAGGACGT",3
"CTGAAGCTTATGGTCGAATGACGTCCTATCCT",3
"CTGAAGCTTATGGTCGATTCGTTGTATAGCCT",5
"CTGAAGCTTATGGTCGTGCCTTACCCTATCCT",3
"CTGAAGCTTATGGTCGTTGGAAGTCAGGACGT",3
"CTGAAGCTTCCTGAGCAAGGCTATATAGAGGC",5
"CTGAAGCTTCCTGAGCGAGCCTTAATAGAGGC",2
"CTGAAGCTTCCTGAGCTATCCTCTATAGAGGC",1
"CTGAAGCTTCGACGTCACTGCATAGGCTCTGA",5
"CTGAAGCTTCGACGTCATCTGAGTATAGAGGC",5
"CTGAAGCTTCGACGTCATCTGAGTCCTATCCT",5
"CTGAAGCTTCGACGTCTATCCTCTATAGAGGC",3
"CTGAAGCTTCGACGTCTTCTAGCTATAGAGGC",2
"CTGAAGCTTCTATCCGAATGACGTGGCTCTGA",3
"CTGAAGCTTCTATCCGATAGCCTTTATAGCCT",3
"CTGAAGCTTCTATCCGCGAATTCCCAGGACGT",3
"CTGAAGCTTCTATCCGGGTTAGACGGCTCTGA",2
"CTGAAGCTTCTATCCGTAAGATCCTATAGCCT",3
"CTGAAGCTTGCAGCTAATCTGAGTATAGAGGC",3
"CTGAAGCTTGCAGCTAGCGTAAGACAGGACGT",1
"CTGAAGCTTGCCAATTAACGAACGCAGGACGT",4
"CTGAAGCTTGCCAATTAAGAGATGATAGAGGC",5
"CTGAAGCTTGCCAATTGAAGTATGCAGGACGT",4
"CTGAAGCTTTAGCCTCAATGACGTCAGGACGT",4
"CTGAAGCTTTAGCCTCATAGCCTTATAGAGGC",3
"CTGAAGCTTTAGCCTCTAAGATCCCAGGACGT",1
"CTGAAGCTTTAGCCTCTCCGGTAACAGGACGT",3
"CTGAAGCTTTAGCCTCTGCCTTACTATAGCCT",3
"CTGAAGCTTTAGCCTCTTCATCCACAGGACGT",3
"CTGAAGCTTTCCATCCATAGCCTTCAGGACGT",1
"CTGAAGCTTTCCATCCTGCCTTACCCTATCCT",1
"CTGAAGCTTTCCATCCTTGGAAGTCAGGACGT",3
"GAATTCGTGCAACCTAAGGATAACTATAGCCT",3
"GAGATTCCAACCAGGTAACGAACGCCTATCCT",3
"GAGATTCCAACCAGGTAACGAACGTATAGCCT",4
"GAGATTCCAACCAGGTAAGAGATGCAGGACGT",3
"GAGATTCCAACCAGGTAAGAGATGTATAGCCT",5
"GAGATTCCAACCAGGTAATGACGTCAGGACGT",5
"GAGATTCCAACCAGGTAGGATAACATAGAGGC",3
"GAGATTCCAACCAGGTAGGATAACCAGGACGT",4
"GAGATTCCAACCAGGTAGGATAACGGCTCTGA",3
"GAGATTCCAACCAGGTGGATACTACAGGACGT",5
"GAGATTCCAACCAGGTTCCGGTAACCTATCCT",3
"GAGATTCCAACCAGGTTGCCTTACATAGAGGC",2
"GAGATTCCAAGAGGCAAAGGAGTACAGGACGT",1
"GAGATTCCAAGAGGCAAAGGCTATTATAGCCT",4
"GAGATTCCAAGAGGCAATCTGAGTTATAGCCT",1
"GAGATTCCAAGAGGCACCTAGAGTCAGGACGT",3
"GAGATTCCAAGAGGCACGTCTAATATAGAGGC",4
"GAGATTCCAAGAGGCACGTCTAATCAGGACGT",4
"GAGATTCCAAGAGGCAGCGTAAGAATAGAGGC",3
"GAGATTCCAAGAGGCAGCGTAAGACAGGACGT",3
"GAGATTCCAAGAGGCATATCCTCTCAGGACGT",4
"GAGATTCCAAGAGGCATATCCTCTTATAGCCT",3
"GAGATTCCAAGAGGCATTATGCGACCTATCCT",3
"GAGATTCCAAGCAACGAGGATAACTATAGCCT",3
"GAGATTCCAAGCAACGGGATACTACAGGACGT",4
"GAGATTCCAAGCAACGGGATACTATATAGCCT",4
"GAGATTCCAAGCAACGTGCCTTACCCTATCCT",4
"GAGATTCCAAGCAACGTTGGAAGTATAGAGGC",3
"GAGATTCCACGAATCTGAAGTATGATAGAGGC",3
"GAGATTCCACGAATCTGGATACTAATAGAGGC",3
"GAGATTCCACGAATCTTGCCTTACATAGAGGC",3
"GAGATTCCACGTTCGAGAAGTATGCAGGACGT",4
"GAGATTCCACGTTCGAGAAGTATGTATAGCCT",3
"GAGATTCCACGTTCGAGGATACTACCTATCCT",2
"GAGATTCCACGTTCGAGGATACTATATAGCCT",4
"GAGATTCCACGTTCGATAAGATCCTATAGCCT",2
"GAGATTCCACGTTCGATTGGAAGTCAGGACGT",3
"GAGATTCCACTCGCTAAAGGCTATCCTATCCT",4
"GAGATTCCACTCGCTAACTGCATAGGCTCTGA",3
"GAGATTCCACTCGCTACGTCTAATTATAGCCT",4
"GAGATTCCACTCGCTATCGACTAGGGCTCTGA",5
"GAGATTCCACTGAGCGACTGCATAGGCTCTGA",3
"GAGATTCCACTGAGCGATCTGAGTTATAGCCT",5
"GAGATTCCACTGAGCGCCTAGAGTTATAGCCT",3
"GAGATTCCACTGAGCGCTCTCTATATAGAGGC",3
"GAGATTCCACTGAGCGGTAAGGAGATAGAGGC",5
"GAGATTCCAGGCAGAAACTGCATATATAGCCT",1
"GAGATTCCAGGCAGAACTCTCTATCAGGACGT",3
"GAGATTCCAGGCAGAACTCTCTATTATAGCCT",3
"GAGATTCCAGGCAGAATCGACTAGATAGAGGC",3
"GAGATTCCATAAGTCGAGGATAACCAGGACGT",5
"GAGATTCCATAAGTCGATAGCCTTCAGGACGT",3
"GAGATTCCATAAGTCGCGAATTCCATAGAGGC",5
"GAGATTCCATAAGTCGTCCGGTAACAGGACGT",2
"GAGATTCCATAAGTCGTGCCTTACTATAGCCT",3
"GAGATTCCATAAGTCGTTACGACCCAGGACGT",2
"GAGATTCCATAAGTCGTTGGAAGTCAGGACGT",3
"GAGATTCCATCTCAGGAAGGCTATTATAGCCT",4
"GAGATTCCATCTCAGGCGTCTAATTATAGCCT",3
"GAGATTCCATCTCAGGCTAAGCCTATAGAGGC",3
"GAGATTCCATCTCAGGCTAAGCCTGGCTCTGA",3
"GAGATTCCATCTCAGGCTAAGCCTTATAGCCT",3
"GAGATTCCATCTCAGGCTCTCTATCAGGACGT",4
"GAGATTCCATCTCAGGGAGCCTTAGGCTCTGA",1
"GAGATTCCATCTCAGGTATCCTCTATAGAGGC",1
"GAGATTCCATCTCAGGTCGACTAGTATAGCCT",4
"GAGATTCCATCTCAGGTTCTAGCTCCTATCCT",3
"GAGATTCCATGCGCAGACTGCATACCTATCCT",3
"GAGATTCCATGCGCAGATCTGAGTCAGGACGT",4
"GAGATTCCATGCGCAGCCTAGAGTCCTATCCT",4
"GAGATTCCATGCGCAGCCTAGAGTGGCTCTGA",3
"GAGATTCCATGCGCAGCCTAGAGTTATAGCCT",3
"GAGATTCCATGCGCAGCTCTCTATCAGGACGT",2
"GAGATTCCATGCGCAGGAGCCTTACAGGACGT",3
"GAGATTCCATGCGCAGGCGTAAGACCTATCCT",1
"GAGATTCCATGCGCAGTCGACTAGTATAGCCT",2
"GAGATTCCATGCGCAGTTCTAGCTCAGGACGT",4
"GAGATTCCATGCGCAGTTCTAGCTGGCTCTGA",3
"GAGATTCCCAAGTTCAAACGAACGCCTATCCT",3
"GAGATTCCCAAGTTCAAGGATAACTATAGCCT",1
"GAGATTCCCAAGTTCAGAAGTATGCAGGACGT",2
"GAGATTCCCAAGTTCAGAAGTATGGGCTCTGA",3
"GAGATTCCCAAGTTCATGCCTTACATAGAGGC",3
"GAGATTCCCAAGTTCATTCATCCATATAGCCT",3
"GAGATTCCCAGAACTGAATGACGTATAGAGGC",1
"GAGATTCCCAGAACTGGGATACTACAGGACGT",5
"GAGATTCCCAGAACTGGGATACTATATAGCCT",3
"GAGATTCCCAGAACTGGGTTAGACCAGGACGT",3
"GAGATTCCCAGAACTGTAAGATCCCAGGACGT",2
"GAGATTCCCAGAACTGTGCCTTACTATAGCCT",4
"GAGATTCCCAGAACTGTTGGAAGTTATAGCCT",2
"GAGATTCCCCTAAGACACTGCATACAGGACGT",4
"GAGATTCCCCTAAGACCTCTCTATCAGGACGT",3
"GAGATTCCCCTAAGACTCGACTAGTATAGCCT",3
"GAGATTCCCCTAAGACTTCTAGCTATAGAGGC",1
"GAGATTCCCGAGGCTGAAGGCTATCAGGACGT",3
"GAGATTCCCGAGGCTGCGTCTAATATAGAGGC",4
"GAGATTCCCGAGGCTGCTAAGCCTGGCTCTGA",3
"GAGATTCCCGAGGCTGGCGTAAGAGGCTCTGA",2
"GAGATTCCCGAGGCTGTATCCTCTCAGGACGT",4
"GAGATTCCCGAGGCTGTCGACTAGGGCTCTGA",3
"GAGATTCCCGAGGCTGTCTCTCCGTATAGCCT",2
"GAGATTCCCGAGGCTGTTATGCGACCTATCCT",3
"GAGATTCCCGATCAGTAAGGAGTATATAGCCT",4
"GAGATTCCCGATCAGTACTGCATATATAGCCT",4
"GAGATTCCCGATCAGTATCTGAGTCAGGACGT",2
"GAGATTCCCGATCAGTCGTCTAATTATAGCCT",3
"GAGATTCCCGATCAGTCTAAGCCTATAGAGGC",3
"GAGATTCCCGATCAGTCTAAGCCTCAGGACGT",5
"GAGATTCCCGATCAGTCTCTCTATTATAGCCT",3
"GAGATTCCCGATCAGTGTAAGGAGTATAGCCT",2
"GAGATTCCCGATCAGTTTCTAGCTATAGAGGC",2
"GAGATTCCCGCTTGATAACGAACGCAGGACGT",3
"GAGATTCCCGCTTGATAAGAGATGTATAGCCT",3
"GAGATTCCCGCTTGATAGGATAACCAGGACGT",3
"GAGATTCCCGCTTGATAGGATAACGGCTCTGA",3
"GAGATTCCCGCTTGATCGAATTCCTATAGCCT",3
"GAGATTCCCGCTTGATGAAGTATGCAGGACGT",2
"GAGATTCCCGCTTGATTCCGGTAACAGGACGT",5
"GAGATTCCCGCTTGATTGCCTTACGGCTCTGA",3
"GAGATTCCCGCTTGATTTACGACCGGCTCTGA",2
"GAGATTCCCGCTTGATTTCATCCAGGCTCTGA",3
"GAGATTCCCGCTTGATTTCATCCATATAGCCT",1
"GAGATTCCCGTACTAGAAGGCTATATAGAGGC",2
"GAGATTCCCGTACTAGATCTGAGTATAGAGGC",5
"GAGATTCCCGTACTAGATCTGAGTTATAGCCT",3
"GAGATTCCCGTACTAGCCTAGAGTCCTATCCT",3
"GAGATTCCCGTACTAGCGTCTAATCCTATCCT",3
"GAGATTCCCGTACTAGCTAAGCCTCAGGACGT",3
"GAGATTCCCGTACTAGCTCTCTATGGCTCTGA",3
"GAGATTCCCGTACTAGCTCTCTATTATAGCCT",2
"GAGATTCCCGTACTAGTATCCTCTTATAGCCT",4
"GAGATTCCCGTACTAGTCGACTAGTATAGCCT",5
"GAGATTCCCGTACTAGTCTCTCCGTATAGCCT",5
"GAGATTCCCGTACTAGTTATGCGAGGCTCTGA",3
"GAGATTCCCGTATAGAAGGATAACCAGGACGT",1
"GAGATTCCCGTATAGAATAGCCTTATAGAGGC",2
"GAGATTCCCGTATAGAGGATACTAGGCTCTGA",3
"GAGATTCCCGTATAGATCCGGTAAATAGAGGC",1
"GAGATTCCCGTATAGATGCCTTACATAGAGGC",4
"GAGATTCCCGTATAGATTGGAAGTCCTATCCT",3
"GAGATTCCCGTATAGATTGGAAGTGGCTCTGA",3
"GAGATTCCCTAATGCTAAGAGATGTATAGCCT",2
"GAGATTCCCTAATGCTCGAATTCCCAGGACGT",3
"GAGATTCCCTAATGCTGAAGTATGATAGAGGC",2
"GAGATTCCCTAATGCTGGTTAGACATAGAGGC",1
"GAGATTCCCTCTCTACAAGGAGTACAGGACGT",2
"GAGATTCCCTCTCTACAAGGCTATTATAGCCT",2
"GAGATTCCCTCTCTACACTGCATACCTATCCT",3
"GAGATTCCCTCTCTACACTGCATATATAGCCT",3
"GAGATTCCCTCTCTACCCTAGAGTCAGGACGT",1
"GAGATTCCCTCTCTACCCTAGAGTCCTATCCT",5
"GAGATTCCCTCTCTACCCTAGAGTTATAGCCT",1
"GAGATTCCCTCTCTACCTAAGCCTCAGGACGT",3
"GAGATTCCCTCTCTACTATCCTCTATAGAGGC",3
"GAGATTCCCTCTCTACTCTCTCCGCAGGACGT",4
"GAGATTCCCTCTCTACTCTCTCCGTATAGCCT",5
"GAGATTCCCTCTCTACTTATGCGAATAGAGGC",4
"GAGATTCCCTCTGGTAACTGCATAATAGAGGC",2
"GAGATTCCCTCTGGTAATCTGAGTCAGGACGT",2
"GAGATTCCCTCTGGTACGTCTAATTATAGCCT",5
"GAGATTCCCTCTGGTACTAAGCCTCAGGACGT",5
"GAGATTCCCTCTGGTACTAAGCCTTATAGCCT",4
"GAGATTCCCTCTGGTAGCGTAAGATATAGCCT",3
"GAGATTCCCTCTGGTAGTAAGGAGTATAGCCT",1
"GAGATTCCCTCTGGTATCGACTAGCAGGACGT",2
"GAGATTCCCTCTGGTATTATGCGACAGGACGT",3
"GAGATTCCCTCTGGTATTCTAGCTTATAGCCT",5
"GAGATTCCCTTCAATGAACGAACGTATAGCCT",5
"GAGATTCCCTTCAATGATAGCCTTCAGGACGT",5
"GAGATTCCCTTCAATGCGAATTCCTATAGCCT",3
"GAGATTCCCTTCAATGGGATACTAATAGAGGC",4
"GAGATTCCCTTCAATGGGTTAGACATAGAGGC",3
"GAGATTCCCTTCAATGGGTTAGACCCTATCCT",2
"GAGATTCCCTTCAATGGGTTAGACTATAGCCT",4
"GAGATTCCCTTCAATGTGCCTTACTATAGCCT",3
"GAGATTCCGAACGGTAAAGAGATGCAGGACGT",2
"GAGATTCCGAACGGTAAAGAGATGGGCTCTGA",3
"GAGATTCCGAACGGTAAATGACGTTATAGCCT",2
"GAGATTCCGAACGGTAAGGATAACGGCTCTGA",1
"GAGATTCCGAACGGTAATAGCCTTTATAGCCT",3
"GAGATTCCGAACGGTACGAATTCCATAGAGGC",2
"GAGATTCCGAACGGTAGAAGTATGTATAGCCT",3
"GAGATTCCGAACGGTAGGATACTACAGGACGT",4
"GAGATTCCGAACGGTATAAGATCCCCTATCCT",2
"GAGATTCCGAACGGTATCCGGTAAATAGAGGC",3
"GAGATTCCGAACGGTATTCATCCACAGGACGT",3
"GAGATTCCGAATTACGAACGAACGTATAGCCT",5
"GAGATTCCGAATTACGAAGAGATGCAGGACGT",5
"GAGATTCCGAATTACGAATGACGTTATAGCCT",3
"GAGATTCCGAATTACGCGAATTCCGGCTCTGA",3
"GAGATTCCGAATTACGGAAGTATGTATAGCCT",3
"GAGATTCCGAATTACGGGATACTACAGGACGT",5
"GAGATTCCGAATTACGTTACGACCATAGAGGC",4
"GAGATTCCGAATTACGTTACGACCGGCTCTGA",3
"GAGATTCCGAATTACGTTACGACCTATAGCCT",2
"GAGATTCCGAATTACGTTCATCCAATAGAGGC",3
"GAGATTCCGAATTACGTTGGAAGTATAGAGGC",3
"GAGATTCCGAATTACGTTGGAAGTTATAGCCT",3
"GAGATTCCGCAACCTAAATGACGTTATAGCCT",3
"GAGATTCCGCAACCTAATTCGTTGATAGAGGC",1
"GAGATTCCGCAACCTAGGTTAGACTATAGCCT",2
"GAGATTCCGCAACCTATCCGGTAAATAGAGGC",4
"GAGATTCCGCAACCTATGCCTTACATAGAGGC",3
"GAGATTCCGCCTCAATAAGAGATGCAGGACGT",3
"GAGATTCCGCCTCAATAGGATAACATAGAGGC",2
"GAGATTCCGCCTCAATAGGATAACTATAGCCT",2
"GAGATTCCGCCTCAATATAGCCTTCAGGACGT",2
"GAGATTCCGCGTAGTAATCTGAGTCCTATCCT",5
"GAGATTCCGCGTAGTACGTCTAATTATAGCCT",5
"GAGATTCCGCGTAGTAGAGCCTTAATAGAGGC",2
"GAGATTCCGCGTAGTAGAGCCTTATATAGCCT",4
"GAGATTCCGCGTAGTAGTAAGGAGATAGAGGC",3
"GAGATTCCGCGTAGTATATCCTCTCAGGACGT",4
"GAGATTCCGCGTAGTATCTCTCCGCAGGACGT",1
"GAGATTCCGCGTAGTATTATGCGACAGGACGT",3
"GAGATTCCGCTCATGAAAGGAGTACAGGACGT",3
"GAGATTCCGCTCATGAACTGCATACAGGACGT",3
"GAGATTCCGCTCATGAACTGCATAGGCTCTGA",2
"GAGATTCCGCTCATGAATCTGAGTTATAGCCT",2
"GAGATTCCGCTCATGACCTAGAGTATAGAGGC",4
"GAGATTCCGCTCATGACGTCTAATTATAGCCT",1
"GAGATTCCGCTCATGACTCTCTATATAGAGGC",2
"GAGATTCCGCTCATGAGAGCCTTACAGGACGT",5
"GAGATTCCGCTCATGAGTAAGGAGATAGAGGC",4
"GAGATTCCGCTCATGATATCCTCTATAGAGGC",1
"GAGATTCCGCTCATGATCTCTCCGTATAGCCT",5
"GAGATTCCGCTCATGATTCTAGCTCCTATCCT",3
"GAGATTCCGGACTCCTATCTGAGTTATAGCCT",3
"GAGATTCCGGACTCCTCGTCTAATCAGGACGT",4
"GAGATTCCGGACTCCTCTCTCTATCAGGACGT",3
"GAGATTCCGGACTCCTCTCTCTATGGCTCTGA",5
"GAGATTCCGGACTCCTTCTCTCCGCAGGACGT",3
"GAGATTCCGGACTCCTTCTCTCCGTATAGCCT",2
"GAGATTCCGGAGCTACAAGGAGTACAGGACGT",5
"GAGATTCCGGAGCTACAAGGCTATCCTATCCT",4
"GAGATTCCGGAGCTACATCTGAGTCCTATCCT",4
"GAGATTCCGGAGCTACCCTAGAGTGGCTCTGA",5
"GAGATTCCGGAGCTACCGTCTAATTATAGCCT",5
"GAGATTCCGGAGCTACCTAAGCCTTATAGCCT",3
"GAGATTCCGGAGCTACGAGCCTTACAGGACGT",3
"GAGATTCCGGAGCTACGCGTAAGACAGGACGT",4
"GAGATTCCGGAGCTACGTAAGGAGCAGGACGT",1
"GAGATTCCGGAGCTACGTAAGGAGGGCTCTGA",3
"GAGATTCCGGAGCTACGTAAGGAGTATAGCCT",2
"GAGATTCCGGAGCTACTATCCTCTCAGGACGT",3
"GAGATTCCGGAGCTACTCGACTAGATAGAGGC",4
"GAGATTCCGGAGCTACTCGACTAGCAGGACGT",4
"GAGATTCCGGAGCTACTTATGCGAATAGAGGC",3
"GAGATTCCGTAGAGGAGCGTAAGACAGGACGT",4
"GAGATTCCGTAGAGGAGCGTAAGATATAGCCT",3
"GAGATTCCGTAGAGGAGTAAGGAGGGCTCTGA",2
"GAGATTCCGTAGAGGAGTAAGGAGTATAGCCT",4
"GAGATTCCGTAGAGGATCGACTAGATAGAGGC",2
"GAGATTCCGTCATGAAAACGAACGATAGAGGC",3
"GAGATTCCGTCATGAAATAGCCTTCAGGACGT",3
"GAGATTCCGTCATGAAATTCGTTGCAGGACGT",3
"GAGATTCCGTCATGAAGAAGTATGATAGAGGC",3
"GAGATTCCGTCATGAATTCATCCATATAGCCT",2
"GAGATTCCGTCATGAATTGGAAGTTATAGCCT",5
"GAGATTCCGTCTACCAAACGAACGCAGGACGT",1
"GAGATTCCGTCTACCAAAGAGATGCAGGACGT",3
"GAGATTCCGTCTACCAAGGATAACTATAGCCT",3
"GAGATTCCGTCTACCAATTCGTTGCCTATCCT",3
"GAGATTCCGTCTACCAGAAGTATGCAGGACGT",5
"GAGATTCCTAAGGCGAAAGGCTATATAGAGGC",3
"GAGATTCCTAAGGCGACCTAGAGTCAGGACGT",4
"GAGATTCCTAAGGCGACTAAGCCTATAGAGGC",3
"GAGATTCCTAAGGCGAGCGTAAGATATAGCCT",3
"GAGATTCCTAAGGCGAGTAAGGAGTATAGCCT",4
"GAGATTCCTACGCTGCATCTGAGTCAGGACGT",3
"GAGATTCCTACGCTGCCTAAGCCTCAGGACGT",3
"GAGATTCCTACGCTGCCTCTCTATATAGAGGC",3
"GAGATTCCTACGCTGCCTCTCTATTATAGCCT",2
"GAGATTCCTACGCTGCTTCTAGCTTATAGCCT",5
"GAGATTCCTACTGCCTAACGAACGATAGAGGC",1
"GAGATTCCTACTGCCTAATGACGTCAGGACGT",3
"GAGATTCCTACTGCCTATAGCCTTTATAGCCT",5
"GAGATTCCTACTGCCTATTCGTTGATAGAGGC",3
"GAGATTCCTACTGCCTTAAGATCCCAGGACGT",4
"GAGATTCCTACTGCCTTAAGATCCTATAGCCT",2
"GAGATTCCTACTGCCTTCCGGTAATATAGCCT",1
"GAGATTCCTAGCGCTCAAGGAGTATATAGCCT",5
"GAGATTCCTAGCGCTCACTGCATAATAGAGGC",3
"GAGATTCCTAGCGCTCATCTGAGTTATAGCCT",2
"GAGATTCCTAGCGCTCCGTCTAATATAGAGGC",2
"GAGATTCCTAGCGCTCCTAAGCCTCAGGACGT",2
"GAGATTCCTAGCGCTCCTCTCTATATAGAGGC",4
"GAGATTCCTAGCGCTCGAGCCTTACCTATCCT",1
"GAGATTCCTAGCGCTCGCGTAAGACAGGACGT",4
"GAGATTCCTAGCGCTCTCGACTAGCCTATCCT",2
"GAGATTCCTAGCGCTCTTATGCGATATAGCCT",5
"GAGATTCCTAGGCATGATCTGAGTCCTATCCT",3
"GAGATTCCTAGGCATGCTAAGCCTCAGGACGT",3
"GAGATTCCTAGGCATGCTCTCTATCCTATCCT",3
"GAGATTCCTAGGCATGGCGTAAGACAGGACGT",3
"GAGATTCCTAGGCATGTTATGCGACAGGACGT",3
"GAGATTCCTAGGCATGTTATGCGATATAGCCT",2
"GAGATTCCTAGGCATGTTCTAGCTATAGAGGC",5
"GAGATTCCTAGGCATGTTCTAGCTTATAGCCT",3
"GAGATTCCTATGCCATAACGAACGCAGGACGT",3
"GAGATTCCTATGCCATAAGAGATGCAGGACGT",4
"GAGATTCCTATGCCATATAGCCTTATAGAGGC",5
"GAGATTCCTATGCCATATAGCCTTCAGGACGT",2
"GAGATTCCTATGCCATATTCGTTGATAGAGGC",2
"GAGATTCCTATGCCATATTCGTTGCAGGACGT",3
"GAGATTCCTATGCCATGAAGTATGCAGGACGT",2
"GAGATTCCTATGCCATTGCCTTACCAGGACGT",2
"GAGATTCCTATGCCATTGCCTTACGGCTCTGA",3
"GAGATTCCTATGCCATTGCCTTACTATAGCCT",3
"GAGATTCCTATGCCATTTGGAAGTTATAGCCT",4
"GAGATTCCTATGGTCGAGGATAACTATAGCCT",1
"GAGATTCCTATGGTCGATAGCCTTCCTATCCT",3
"GAGATTCCTATGGTCGTGCCTTACTATAGCCT",3
"GAGATTCCTCCTGAGCACTGCATACCTATCCT",3
"GAGATTCCTCCTGAGCCCTAGAGTCAGGACGT",3
"GAGATTCCTCCTGAGCCGTCTAATCCTATCCT",5
"GAGATTCCTCCTGAGCCTAAGCCTATAGAGGC",1
"GAGATTCCTCCTGAGCCTAAGCCTCAGGACGT",3
"GAGATTCCTCCTGAGCCTCTCTATATAGAGGC",3
"GAGATTCCTCCTGAGCTCGACTAGGGCTCTGA",2
"GAGATTCCTCGACGTCAAGGCTATGGCTCTGA",3
"GAGATTCCTCGACGTCACTGCATAATAGAGGC",3
"GAGATTCCTCGACGTCCCTAGAGTCCTATCCT",5
"GAGATTCCTCGACGTCCTCTCTATGGCTCTGA",4
"GAGATTCCTCGACGTCTCTCTCCGATAGAGGC",5
"GAGATTCCTCTATCCGAACGAACGCAGGACGT",3
"GAGATTCCTCTATCCGAAGAGATGCAGGACGT",3
"GAGATTCCTCTATCCGAATGACGTCAGGACGT",4
"GAGATTCCTCTATCCGAGGATAACTATAGCCT",2
"GAGATTCCTCTATCCGGAAGTATGCCTATCCT",4
"GAGATTCCTCTATCCGGAAGTATGTATAGCCT",4
"GAGATTCCTCTATCCGTCCGGTAATATAGCCT",4
"GAGATTCCTCTATCCGTGCCTTACATAGAGGC",4
"GAGATTCCTCTATCCGTTCATCCATATAGCCT",2
"GAGATTCCTGCAGCTACGTCTAATATAGAGGC",5
"GAGATTCCTGCAGCTACTAAGCCTCAGGACGT",4
"GAGATTCCTGCAGCTACTCTCTATATAGAGGC",3
"GAGATTCCTGCAGCTATATCCTCTTATAGCCT",3
"GAGATTCCTGCAGCTATTCTAGCTGGCTCTGA",3
"GAGATTCCTGCCAATTATTCGTTGCAGGACGT",4
"GAGATTCCTGCCAATTGGATACTACAGGACGT",3
"GAGATTCCTGCCAATTTGCCTTACTATAGCCT",5
"GAGATTCCTGCCAATTTTCATCCACCTATCCT",3
"GAGATTCCTTAGCCTCAGGATAACCAGGACGT",2
"GAGATTCCTTAGCCTCATTCGTTGATAGAGGC",3
"GAGATTCCTTAGCCTCCGAATTCCGGCTCTGA",5
"GAGATTCCTTAGCCTCGAAGTATGATAGAGGC",4
"GAGATTCCTTAGCCTCGGTTAGACATAGAGGC",1
"GAGATTCCTTAGCCTCGGTTAGACCAGGACGT",1
"GAGATTCCTTAGCCTCTCCGGTAAATAGAGGC",3
"GAGATTCCTTAGCCTCTCCGGTAACAGGACGT",3
"GAGATTCCTTAGCCTCTGCCTTACGGCTCTGA",3
"GAGATTCCTTAGCCTCTTCATCCATATAGCCT",4
"GAGATTCCTTCCATCCAGGATAACCCTATCCT",2
"GAGATTCCTTCCATCCAGGATAACTATAGCCT",2
"GAGATTCCTTCCATCCCGAATTCCCCTATCCT",5
"GAGATTCCTTCCATCCTCCGGTAACAGGACGT",2
"GAGATTCCTTCCATCCTGCCTTACATAGAGGC",4
"TAATGCGCAAGCAACGAGGATAACCAGGACGT",4
"TAATGCGCAAGCAACGATAGCCTTTATAGCCT",3
"TAATGCGCAAGCAACGATTCGTTGTATAGCCT",5
"TAATGCGCAAGCAACGCGAATTCCTATAGCCT",3
"TAATGCGCACGAATCTAAGAGATGCAGGACGT",3
"TAATGCGCAGGCAGAACTCTCTATCAGGACGT",3
"TAATGCGCATAAGTCGATAGCCTTGGCTCTGA",3
"TAATGCGCATGCGCAGACTGCATAATAGAGGC",3
"TAATGCGCCAAGTTCAAGGATAACCAGGACGT",3
"TAATGCGCCAAGTTCATTGGAAGTCAGGACGT",3
"TAATGCGCCAGAACTGCGAATTCCGGCTCTGA",3
"TAATGCGCCAGAACTGCGAATTCCTATAGCCT",3
"TAATGCGCCAGAACTGTGCCTTACGGCTCTGA",3
"TAATGCGCCGATCAGTGTAAGGAGTATAGCCT",3
"TAATGCGCCGTATAGAATTCGTTGCCTATCCT",3
"TAATGCGCCGTATAGACGAATTCCCCTATCCT",2
"TAATGCGCCTCTGGTAACTGCATACAGGACGT",3
"TAATGCGCGAATTACGAATGACGTATAGAGGC",3
"TAATGCGCGCAACCTAAAGAGATGTATAGCCT",3
"TAATGCGCGCAACCTAGAAGTATGCCTATCCT",3
"TAATGCGCGCTCATGAACTGCATAGGCTCTGA",5
"TAATGCGCGGAGCTACCCTAGAGTTATAGCCT",5
"TAATGCGCGTCTACCAATTCGTTGTATAGCCT",3
"TAATGCGCTAGGCATGAAGGAGTACAGGACGT",3
"TAATGCGCTAGGCATGGAGCCTTATATAGCCT",3
"TAATGCGCTATGCCATATAGCCTTTATAGCCT",5
"TAATGCGCTATGCCATGGATACTATATAGCCT",1
"TAATGCGCTATGCCATTGCCTTACATAGAGGC",1
"TAATGCGCTATGCCATTGCCTTACTATAGCCT",4
"TAATGCGCTATGGTCGAGGATAACTATAGCCT",3
"TAATGCGCTATGGTCGCGAATTCCATAGAGGC",3
"TAATGCGCTATGGTCGGGATACTAGGCTCTGA",3
"TAATGCGCTGCCAATTATAGCCTTTATAGCCT",2
"TAATGCGCTGCCAATTTCCGGTAATATAGCCT",3
"TAATGCGCTTAGCCTCCGAATTCCATAGAGGC",5
"TAATGCGCTTAGCCTCTAAGATCCTATAGCCT",3
"TCCGCGAAAACCAGGTAACGAACGCAGGACGT",4
"TCCGCGAAAACCAGGTGGATACTAATAGAGGC",3
"TCCGCGAAAAGAGGCAATCTGAGTCAGGACGT",1
"TCCGCGAAAAGCAACGAAGAGATGTATAGCCT",3
"TCCGCGAAAAGCAACGATTCGTTGTATAGCCT",3
"TCCGCGAAAAGCAACGTAAGATCCCAGGACGT",3
"TCCGCGAAAAGCAACGTTACGACCCAGGACGT",4
"TCCGCGAAACGAATCTAAGAGATGATAGAGGC",3
"TCCGCGAAACGAATCTAATGACGTTATAGCCT",1
"TCCGCGAAACGAATCTTTACGACCGGCTCTGA",3
"TCCGCGAAACGAATCTTTGGAAGTATAGAGGC",4
"TCCGCGAAACGTTCGAGAAGTATGCAGGACGT",3
"TCCGCGAAACTCGCTAATCTGAGTTATAGCCT",3
"TCCGCGAAACTCGCTAGCGTAAGACAGGACGT",3
"TCCGCGAAACTGAGCGCCTAGAGTTATAGCCT",2
"TCCGCGAAAGGCAGAATCGACTAGTATAGCCT",1
"TCCGCGAAAGGCAGAATTCTAGCTTATAGCCT",3
"TCCGCGAAATAAGTCGAAGAGATGTATAGCCT",4
"TCCGCGAAATAAGTCGATTCGTTGGGCTCTGA",2
"TCCGCGAAATAAGTCGCGAATTCCTATAGCCT",1
"TCCGCGAAATAAGTCGGGATACTACAGGACGT",4
"TCCGCGAAATAAGTCGTAAGATCCATAGAGGC",1
"TCCGCGAAATAAGTCGTAAGATCCCAGGACGT",1
"TCCGCGAAATCTCAGGGTAAGGAGTATAGCCT",4
"TCCGCGAAATCTCAGGTCTCTCCGCAGGACGT",3
"TCCGCGAAATGCGCAGCCTAGAGTCCTATCCT",3
"TCCGCGAAATGCGCAGCGTCTAATCAGGACGT",3
"TCCGCGAACAAGTTCAAAGAGATGGGCTCTGA",3
"TCCGCGAACAAGTTCAGGTTAGACCCTATCCT",3
"TCCGCGAACAAGTTCATCCGGTAACAGGACGT",3
"TCCGCGAACAAGTTCATCCGGTAAGGCTCTGA",3
"TCCGCGAACAAGTTCATTCATCCACCTATCCT",3
"TCCGCGAACAGAACTGAAGAGATGCAGGACGT",2
"TCCGCGAACAGAACTGATAGCCTTATAGAGGC",1
"TCCGCGAACAGAACTGGGTTAGACGGCTCTGA",3
"TCCGCGAACAGAACTGTTCATCCAATAGAGGC",3
"TCCGCGAACCTAAGACATCTGAGTCAGGACGT",3
"TCCGCGAACGAGGCTGTCTCTCCGCAGGACGT",3
"TCCGCGAACGATCAGTAAGGCTATATAGAGGC",3
"TCCGCGAACGATCAGTAAGGCTATGGCTCTGA",3
"TCCGCGAACGATCAGTTTCTAGCTCCTATCCT",3
"TCCGCGAACGCTTGATAACGAACGCAGGACGT",2
"TCCGCGAACGCTTGATAACGAACGTATAGCCT",3
"TCCGCGAACGCTTGATTCCGGTAAATAGAGGC",3
"TCCGCGAACGCTTGATTTCATCCAATAGAGGC",3
"TCCGCGAACGTACTAGGTAAGGAGGGCTCTGA",1
"TCCGCGAACGTACTAGTCTCTCCGTATAGCCT",5
"TCCGCGAACGTATAGAAACGAACGGGCTCTGA",3
"TCCGCGAACGTATAGAGGTTAGACATAGAGGC",1
"TCCGCGAACTAATGCTAGGATAACCAGGACGT",3
"TCCGCGAACTAATGCTGAAGTATGCAGGACGT",3
"TCCGCGAACTAATGCTGGTTAGACCAGGACGT",2
"TCCGCGAACTAATGCTTCCGGTAACAGGACGT",1
"TCCGCGAACTAATGCTTGCCTTACCAGGACGT",3
"TCCGCGAACTCTCTACCTAAGCCTGGCTCTGA",3
"TCCGCGAACTCTCTACTTCTAGCTATAGAGGC",3
"TCCGCGAACTTCAATGAAGAGATGCAGGACGT",5
"TCCGCGAACTTCAATGGGTTAGACCAGGACGT",5
"TCCGCGAACTTCAATGGGTTAGACTATAGCCT",3
"TCCGCGAACTTCAATGTGCCTTACCAGGACGT",5
"TCCGCGAACTTCAATGTTCATCCACAGGACGT",3
"TCCGCGAACTTCAATGTTCATCCAGGCTCTGA",3
"TCCGCGAAGAACGGTAATAGCCTTATAGAGGC",3
"TCCGCGAAGAACGGTAATAGCCTTGGCTCTGA",3
"TCCGCGAAGAACGGTAGGTTAGACCAGGACGT",4
"TCCGCGAAGAACGGTATTACGACCCAGGACGT",2
"TCCGCGAAGAATTACGGAAGTATGGGCTCTGA",1
"TCCGCGAAGAATTACGGGATACTATATAGCCT",4
"TCCGCGAAGAATTACGGGTTAGACATAGAGGC",5
"TCCGCGAAGCAACCTAAAGAGATGATAGAGGC",1
"TCCGCGAAGCAACCTAATAGCCTTGGCTCTGA",3
"TCCGCGAAGCAACCTACGAATTCCTATAGCCT",4
"TCCGCGAAGCAACCTATGCCTTACGGCTCTGA",3
"TCCGCGAAGCAACCTATTCATCCACAGGACGT",3
"TCCGCGAAGCCTCAATAAGAGATGATAGAGGC",5
"TCCGCGAAGCCTCAATAGGATAACCAGGACGT",3
"TCCGCGAAGCCTCAATTGCCTTACCAGGACGT",4
"TCCGCGAAGCCTCAATTTACGACCATAGAGGC",3
"TCCGCGAAGCGTAGTAAAGGAGTACAGGACGT",3
"TCCGCGAAGCGTAGTAACTGCATAGGCTCTGA",3
"TCCGCGAAGCGTAGTATATCCTCTATAGAGGC",2
"TCCGCGAAGCTCATGAATCTGAGTGGCTCTGA",4
"TCCGCGAAGGACTCCTAAGGAGTAGGCTCTGA",4
"TCCGCGAAGGACTCCTCTAAGCCTTATAGCCT",1
"TCCGCGAAGGACTCCTCTCTCTATTATAGCCT",3
"TCCGCGAAGGACTCCTTCTCTCCGTATAGCCT",3
"TCCGCGAAGGAGCTACACTGCATATATAGCCT",5
"TCCGCGAAGTAGAGGAGAGCCTTAATAGAGGC",3
"TCCGCGAAGTAGAGGAGAGCCTTACAGGACGT",3
"TCCGCGAAGTCATGAAAAGAGATGTATAGCCT",3
"TCCGCGAAGTCATGAATTCATCCATATAGCCT",3
"TCCGCGAAGTCTACCAAATGACGTGGCTCTGA",3
"TCCGCGAAGTCTACCAATAGCCTTCAGGACGT",2
"TCCGCGAATAAGGCGATCGACTAGATAGAGGC",1
"TCCGCGAATAAGGCGATTCTAGCTCAGGACGT",3
"TCCGCGAATACGCTGCAAGGCTATATAGAGGC",3
"TCCGCGAATACGCTGCCGTCTAATCAGGACGT",3
"TCCGCGAATATGCCATCGAATTCCCAGGACGT",3
"TCCGCGAATATGCCATGGTTAGACATAGAGGC",3
"TCCGCGAATATGCCATTTACGACCATAGAGGC",3
"TCCGCGAATATGGTCGAATGACGTATAGAGGC",4
"TCCGCGAATATGGTCGAGGATAACCAGGACGT",4
"TCCGCGAATATGGTCGGGTTAGACCAGGACGT",1
"TCCGCGAATATGGTCGTTGGAAGTATAGAGGC",3
"TCCGCGAATCCTGAGCAAGGAGTACAGGACGT",3
"TCCGCGAATCCTGAGCCTAAGCCTTATAGCCT",3
"TCCGCGAATCCTGAGCCTCTCTATTATAGCCT",3
"TCCGCGAATCGACGTCACTGCATAGGCTCTGA",3
"TCCGCGAATCGACGTCCCTAGAGTCAGGACGT",3
"TCCGCGAATCGACGTCGTAAGGAGGGCTCTGA",3
"TCCGCGAATCGACGTCTTCTAGCTTATAGCCT",3
"TCCGCGAATCTATCCGAAGAGATGCAGGACGT",3
"TCCGCGAATCTATCCGCGAATTCCATAGAGGC",3
"TCCGCGAATCTATCCGTCCGGTAACAGGACGT",3
"TCCGCGAATGCAGCTATTATGCGATATAGCCT",3
"TCCGCGAATGCCAATTGAAGTATGTATAGCCT",3
"TCCGCGAATGCCAATTTTGGAAGTCAGGACGT",4
"TCCGCGAATTAGCCTCAGGATAACTATAGCCT",3
"TCCGCGAATTAGCCTCATTCGTTGGGCTCTGA",3
"TCCGCGAATTAGCCTCCGAATTCCGGCTCTGA",3
"TCCGCGAATTAGCCTCTAAGATCCTATAGCCT",3
"TCCGCGAATTCCATCCCGAATTCCTATAGCCT",4
"TCCGCGAATTCCATCCGGTTAGACTATAGCCT",1
"TCCGGAGAAACCAGGTAACGAACGCAGGACGT",4
"TCCGGAGAAACCAGGTGAAGTATGATAGAGGC",3
"TCCGGAGAAACCAGGTTAAGATCCCAGGACGT",4
"TCCGGAGAAACCAGGTTGCCTTACCAGGACGT",1
"TCCGGAGAAACCAGGTTTCATCCAATAGAGGC",2
"TCCGGAGAAAGAGGCAAAGGCTATCAGGACGT",5
"TCCGGAGAAAGAGGCAACTGCATAGGCTCTGA",3
"TCCGGAGAAAGAGGCAATCTGAGTATAGAGGC",1
"TCCGGAGAAAGAGGCAATCTGAGTTATAGCCT",5
"TCCGGAGAAAGAGGCACGTCTAATCAGGACGT",2
"TCCGGAGAAAGAGGCACTAAGCCTCAGGACGT",3
"TCCGGAGAAAGAGGCAGAGCCTTAATAGAGGC",4
"TCCGGAGAAAGAGGCAGAGCCTTACCTATCCT",4
"TCCGGAGAAAGAGGCAGTAAGGAGGGCTCTGA",5
"TCCGGAGAAAGAGGCATCGACTAGTATAGCCT",4
"TCCGGAGAAAGAGGCATTCTAGCTCCTATCCT",2
"TCCGGAGAAAGCAACGAGGATAACCAGGACGT",4
"TCCGGAGAAAGCAACGATAGCCTTGGCTCTGA",4
"TCCGGAGAAAGCAACGATTCGTTGCAGGACGT",3
"TCCGGAGAAAGCAACGATTCGTTGTATAGCCT",1
"TCCGGAGAAAGCAACGGAAGTATGCCTATCCT",3
"TCCGGAGAAAGCAACGTCCGGTAACCTATCCT",3
"TCCGGAGAAAGCAACGTTACGACCCAGGACGT",3
"TCCGGAGAACGAATCTAATGACGTTATAGCCT",3
"TCCGGAGAACGAATCTGGTTAGACCAGGACGT",4
"TCCGGAGAACGAATCTTAAGATCCATAGAGGC",3
"TCCGGAGAACGAATCTTAAGATCCCCTATCCT",3
"TCCGGAGAACGAATCTTCCGGTAAGGCTCTGA",3
"TCCGGAGAACGAATCTTGCCTTACGGCTCTGA",5
"TCCGGAGAACGTTCGAAATGACGTCAGGACGT",1
"TCCGGAGAACGTTCGATAAGATCCTATAGCCT",1
"TCCGGAGAACGTTCGATCCGGTAATATAGCCT",3
"TCCGGAGAACTCGCTACTCTCTATGGCTCTGA",3
"TCCGGAGAACTCGCTAGAGCCTTACAGGACGT",5
"TCCGGAGAACTCGCTAGCGTAAGACCTATCCT",3
"TCCGGAGAACTCGCTATTATGCGAATAGAGGC",3
"TCCGGAGAACTCGCTATTATGCGATATAGCCT",4
"TCCGGAGAACTCGCTATTCTAGCTGGCTCTGA",4
"TCCGGAGAACTGAGCGAAGGAGTAATAGAGGC",4
"TCCGGAGAACTGAGCGAAGGAGTACAGGACGT",5
"TCCGGAGAACTGAGCGAAGGAGTAGGCTCTGA",3
"TCCGGAGAACTGAGCGCCTAGAGTATAGAGGC",3
"TCCGGAGAACTGAGCGTTCTAGCTCAGGACGT",1
"TCCGGAGAACTGAGCGTTCTAGCTGGCTCTGA",1
"TCCGGAGAAGGCAGAAATCTGAGTGGCTCTGA",5
"TCCGGAGAAGGCAGAAATCTGAGTTATAGCCT",5
"TCCGGAGAAGGCAGAACCTAGAGTTATAGCCT",3
"TCCGGAGAAGGCAGAATCGACTAGGGCTCTGA",5
"TCCGGAGAATAAGTCGAGGATAACCCTATCCT",4
"TCCGGAGAATAAGTCGCGAATTCCTATAGCCT",2
"TCCGGAGAATAAGTCGGGATACTATATAGCCT",2
"TCCGGAGAATAAGTCGTTCATCCACAGGACGT",3
"TCCGGAGAATCTCAGGGAGCCTTACAGGACGT",5
"TCCGGAGAATCTCAGGGAGCCTTACCTATCCT",2
"TCCGGAGAATCTCAGGGCGTAAGAATAGAGGC",5
"TCCGGAGAATCTCAGGGTAAGGAGATAGAGGC",3
"TCCGGAGAATCTCAGGTCGACTAGTATAGCCT",4
"TCCGGAGAATCTCAGGTCTCTCCGCAGGACGT",3
"TCCGGAGAATCTCAGGTTCTAGCTATAGAGGC",3
"TCCGGAGAATGCGCAGCTAAGCCTTATAGCCT",2
"TCCGGAGAATGCGCAGCTCTCTATGGCTCTGA",3
"TCCGGAGAATGCGCAGTTATGCGATATAGCCT",3
"TCCGGAGAATGCGCAGTTCTAGCTTATAGCCT",3
"TCCGGAGACAAGTTCAAATGACGTTATAGCCT",1
"TCCGGAGACAAGTTCAGGATACTAATAGAGGC",3
"TCCGGAGACAAGTTCATCCGGTAAATAGAGGC",2
"TCCGGAGACAGAACTGAAGAGATGGGCTCTGA",3
"TCCGGAGACAGAACTGAATGACGTTATAGCCT",5
"TCCGGAGACAGAACTGAGGATAACCCTATCCT",4
"TCCGGAGACAGAACTGATAGCCTTGGCTCTGA",2
"TCCGGAGACAGAACTGGGTTAGACGGCTCTGA",1
"TCCGGAGACAGAACTGTTACGACCTATAGCCT",5
"TCCGGAGACAGAACTGTTGGAAGTTATAGCCT",3
"TCCGGAGACCTAAGACACTGCATACAGGACGT",3
"TCCGGAGACCTAAGACGAGCCTTACAGGACGT",3
"TCCGGAGACCTAAGACTCGACTAGGGCTCTGA",4
"TCCGGAGACCTAAGACTTCTAGCTATAGAGGC",5
"TCCGGAGACCTAAGACTTCTAGCTCAGGACGT",3
"TCCGGAGACGAGGCTGAAGGAGTAGGCTCTGA",3
"TCCGGAGACGAGGCTGACTGCATAAGGCGAAG",5
"TCCGGAGACGAGGCTGCCTAGAGTATAGAGGC",3
"TCCGGAGACGAGGCTGCCTAGAGTCAGGACGT",3
"TCCGGAGACGAGGCTGCGTCTAATGGCTCTGA",5
"TCCGGAGACGAGGCTGGCGTAAGACCTATCCT",2
"TCCGGAGACGAGGCTGGTAAGGAGTATAGCCT",5
"TCCGGAGACGAGGCTGTATCCTCTTATAGCCT",3
"TCCGGAGACGAGGCTGTCGACTAGTATAGCCT",1
"TCCGGAGACGAGGCTGTTATGCGATATAGCCT",5
"TCCGGAGACGATCAGTACTGCATATATAGCCT",3
"TCCGGAGACGATCAGTCTCTCTATATAGAGGC",3
"TCCGGAGACGATCAGTTCGACTAGGGCTCTGA",3
"TCCGGAGACGCTTGATAATGACGTGGCTCTGA",3
"TCCGGAGACGCTTGATGGATACTACCTATCCT",3
"TCCGGAGACGCTTGATGGTTAGACCCTATCCT",1
"TCCGGAGACGCTTGATTAAGATCCATAGAGGC",3
"TCCGGAGACGCTTGATTCCGGTAACAGGACGT",5
"TCCGGAGACGTACTAGATCTGAGTGGCTCTGA",5
"TCCGGAGACGTACTAGCGTCTAATCAGGACGT",3
"TCCGGAGACGTACTAGGTAAGGAGGGCTCTGA",5
"TCCGGAGACGTACTAGTCGACTAGGGCTCTGA",1
"TCCGGAGACGTACTAGTTATGCGACCTATCCT",5
"TCCGGAGACGTATAGAAAGAGATGGGCTCTGA",3
"TCCGGAGACGTATAGAAAGAGATGTATAGCCT",5
"TCCGGAGACGTATAGAAGGATAACATAGAGGC",3
"TCCGGAGACGTATAGAGAAGTATGCAGGACGT",3
"TCCGGAGACGTATAGATTACGACCCAGGACGT",5
"TCCGGAGACGTATAGATTGGAAGTTATAGCCT",2
"TCCGGAGACTAATGCTAATGACGTATAGAGGC",3
"TCCGGAGACTAATGCTATTCGTTGATAGAGGC",4
"TCCGGAGACTAATGCTATTCGTTGCAGGACGT",3
"TCCGGAGACTAATGCTCGAATTCCATAGAGGC",3
"TCCGGAGACTAATGCTTTCATCCAATAGAGGC",1
"TCCGGAGACTAATGCTTTCATCCACAGGACGT",3
"TCCGGAGACTCTCTACAAGGCTATCAGGACGT",2
"TCCGGAGACTCTCTACACTGCATAATAGAGGC",3
"TCCGGAGACTCTCTACGCGTAAGACAGGACGT",3
"TCCGGAGACTCTCTACGCGTAAGATATAGCCT",3
"TCCGGAGACTCTCTACTCTCTCCGCAGGACGT",3
"TCCGGAGACTCTCTACTTCTAGCTCAGGACGT",3
"TCCGGAGACTCTGGTAGAGCCTTACCTATCCT",5
"TCCGGAGACTCTGGTAGCGTAAGAATAGAGGC",5
"TCCGGAGACTCTGGTAGTAAGGAGGGCTCTGA",4
"TCCGGAGACTCTGGTAGTAAGGAGTATAGCCT",4
"TCCGGAGACTCTGGTATTCTAGCTATAGAGGC",1
"TCCGGAGACTTCAATGAACGAACGCCTATCCT",3
"TCCGGAGACTTCAATGAAGAGATGCCTATCCT",3
"TCCGGAGACTTCAATGATAGCCTTCAGGACGT",5
"TCCGGAGACTTCAATGGGATACTACAGGACGT",3
"TCCGGAGACTTCAATGTTGGAAGTCCTATCCT",2
"TCCGGAGACTTCAATGTTGGAAGTTATAGCCT",4
"TCCGGAGAGAACGGTAAGGATAACTATAGCCT",4
"TCCGGAGAGAACGGTAATAGCCTTATAGAGGC",5
"TCCGGAGAGAACGGTAATAGCCTTCAGGACGT",4
"TCCGGAGAGAACGGTACGAATTCCCAGGACGT",2
"TCCGGAGAGAACGGTAGAAGTATGGGCTCTGA",1
"TCCGGAGAGAATTACGAAGAGATGGGCTCTGA",3
"TCCGGAGAGAATTACGAATGACGTGGCTCTGA",3
"TCCGGAGAGAATTACGATAGCCTTCAGGACGT",3
"TCCGGAGAGAATTACGGGATACTAATAGAGGC",3
"TCCGGAGAGAATTACGGGTTAGACCAGGACGT",3
"TCCGGAGAGAATTACGTAAGATCCCCTATCCT",3
"TCCGGAGAGAATTACGTAAGATCCTATAGCCT",5
"TCCGGAGAGAATTACGTGCCTTACCAGGACGT",3
"TCCGGAGAGAATTACGTGCCTTACCCTATCCT",3
"TCCGGAGAGAATTACGTGCCTTACTATAGCCT",1
"TCCGGAGAGCAACCTAAGGATAACCAGGACGT",2
"TCCGGAGAGCAACCTAATAGCCTTATAGAGGC",3
"TCCGGAGAGCAACCTAGGTTAGACATAGAGGC",3
"TCCGGAGAGCAACCTATAAGATCCTATAGCCT",3
"TCCGGAGAGCAACCTATCCGGTAACAGGACGT",5
"TCCGGAGAGCAACCTATTGGAAGTTATAGCCT",3
"TCCGGAGAGCCTCAATAATGACGTGGCTCTGA",3
"TCCGGAGAGCCTCAATATAGCCTTCAGGACGT",4
"TCCGGAGAGCCTCAATATTCGTTGATAGAGGC",1
"TCCGGAGAGCCTCAATATTCGTTGCAGGACGT",1
"TCCGGAGAGCCTCAATATTCGTTGGGCTCTGA",1
"TCCGGAGAGCCTCAATTAAGATCCTATAGCCT",3
"TCCGGAGAGCCTCAATTCCGGTAAGGCTCTGA",3
"TCCGGAGAGCCTCAATTTGGAAGTCAGGACGT",2
"TCCGGAGAGCGTAGTAAAGGAGTACAGGACGT",3
"TCCGGAGAGCGTAGTAATCTGAGTCAGGACGT",5
"TCCGGAGAGCGTAGTAATCTGAGTGGCTCTGA",3
"TCCGGAGAGCGTAGTACTAAGCCTTATAGCCT",5
"TCCGGAGAGCGTAGTATATCCTCTCAGGACGT",3
"TCCGGAGAGCGTAGTATCGACTAGATAGAGGC",1
"TCCGGAGAGCGTAGTATTCTAGCTTATAGCCT",5
"TCCGGAGAGCTCATGAAAGGCTATGGCTCTGA",4
"TCCGGAGAGCTCATGAACTGCATACAGGACGT",2
"TCCGGAGAGCTCATGAATCTGAGTCAGGACGT",2
"TCCGGAGAGCTCATGACCTAGAGTCCTATCCT",3
"TCCGGAGAGCTCATGATCGACTAGATAGAGGC",3
"TCCGGAGAGCTCATGATCTCTCCGCAGGACGT",3
"TCCGGAGAGCTCATGATTATGCGATATAGCCT",1
"TCCGGAGAGCTCATGATTCTAGCTTATAGCCT",1
"TCCGGAGAGGACTCCTCTCTCTATCAGGACGT",2
"TCCGGAGAGGACTCCTTCGACTAGATAGAGGC",5
"TCCGGAGAGGAGCTACAAGGCTATTATAGCCT",2
"TCCGGAGAGGAGCTACACTGCATAATAGAGGC",2
"TCCGGAGAGGAGCTACCTCTCTATGGCTCTGA",2
"TCCGGAGAGGAGCTACCTCTCTATTATAGCCT",3
"TCCGGAGAGGAGCTACTATCCTCTCAGGACGT",3
"TCCGGAGAGGAGCTACTATCCTCTTATAGCCT",1
"TCCGGAGAGGAGCTACTCGACTAGGGCTCTGA",3
"TCCGGAGAGTAGAGGAAAGGAGTAGGCTCTGA",3
"TCCGGAGAGTAGAGGAAAGGAGTATATAGCCT",3
"TCCGGAGAGTAGAGGAACTGCATACAGGACGT",3
"TCCGGAGAGTAGAGGAATCTGAGTCAGGACGT",2
"TCCGGAGAGTAGAGGACGTCTAATTATAGCCT",3
"TCCGGAGAGTAGAGGACTAAGCCTTATAGCCT",3
"TCCGGAGAGTAGAGGACTCTCTATATAGAGGC",3
"TCCGGAGAGTAGAGGAGAGCCTTAATAGAGGC",3
"TCCGGAGAGTAGAGGATTATGCGACCTATCCT",1
"TCCGGAGAGTCATGAAAACGAACGATAGAGGC",3
"TCCGGAGAGTCATGAAAAGAGATGGGCTCTGA",3
"TCCGGAGAGTCATGAAAATGACGTCAGGACGT",3
"TCCGGAGAGTCATGAAATAGCCTTATAGAGGC",4
"TCCGGAGAGTCATGAAGGATACTAGGCTCTGA",1
"TCCGGAGAGTCATGAAGGTTAGACATAGAGGC",4
"TCCGGAGAGTCATGAATTCATCCACAGGACGT",3
"TCCGGAGAGTCTACCAATTCGTTGCAGGACGT",2
"TCCGGAGAGTCTACCATCCGGTAACAGGACGT",5
"TCCGGAGAGTCTACCATTGGAAGTCCTATCCT",4
"TCCGGAGATAAGGCGAAAGGAGTATATAGCCT",2
"TCCGGAGATAAGGCGAAAGGCTATATAGAGGC",3
"TCCGGAGATAAGGCGAAAGGCTATCCTATCCT",3
"TCCGGAGATAAGGCGAACTGCATAATAGAGGC",3
"TCCGGAGATAAGGCGAGAGCCTTACAGGACGT",5
"TCCGGAGATAAGGCGATCGACTAGCAGGACGT",3
"TCCGGAGATAAGGCGATCGACTAGTATAGCCT",1
"TCCGGAGATACGCTGCACTGCATATATAGCCT",3
"TCCGGAGATACGCTGCCCTAGAGTTATAGCCT",4
"TCCGGAGATACGCTGCCGTCTAATGGCTCTGA",3
"TCCGGAGATACGCTGCCTCTCTATATAGAGGC",3
"TCCGGAGATACGCTGCGCGTAAGACCTATCCT",2
"TCCGGAGATACGCTGCTATCCTCTATAGAGGC",4
"TCCGGAGATACGCTGCTATCCTCTCAGGACGT",3
"TCCGGAGATACGCTGCTCGACTAGCCTATCCT",5
"TCCGGAGATACGCTGCTCTCTCCGTATAGCCT",2
"TCCGGAGATACTGCCTAACGAACGCAGGACGT",3
"TCCGGAGATACTGCCTGGATACTACAGGACGT",4
"TCCGGAGATAGCGCTCCCTAGAGTATAGAGGC",2
"TCCGGAGATAGCGCTCCCTAGAGTCCTATCCT",3
"TCCGGAGATAGCGCTCGTAAGGAGGGCTCTGA",5
"TCCGGAGATAGCGCTCGTAAGGAGTATAGCCT",3
"TCCGGAGATAGCGCTCTATCCTCTCAGGACGT",2
"TCCGGAGATAGGCATGCCTAGAGTCAGGACGT",4
"TCCGGAGATAGGCATGCTCTCTATGGCTCTGA",3
"TCCGGAGATAGGCATGGTAAGGAGATAGAGGC",3
"TCCGGAGATAGGCATGGTAAGGAGCCTATCCT",3
"TCCGGAGATAGGCATGTATCCTCTTATAGCCT",3
"TCCGGAGATAGGCATGTTATGCGATATAGCCT",3
"TCCGGAGATAGGCATGTTCTAGCTCAGGACGT",3
"TCCGGAGATATGCCATAATGACGTCAGGACGT",1
"TCCGGAGATATGCCATGAAGTATGGGCTCTGA",5
"TCCGGAGATATGCCATTAAGATCCATAGAGGC",3
"TCCGGAGATATGCCATTCCGGTAAGGCTCTGA",3
"TCCGGAGATATGCCATTTACGACCCAGGACGT",3
"TCCGGAGATATGGTCGATAGCCTTGGCTCTGA",2
"TCCGGAGATATGGTCGATTCGTTGATAGAGGC",3
"TCCGGAGATATGGTCGCGAATTCCATAGAGGC",4
"TCCGGAGATATGGTCGGAAGTATGCCTATCCT",2
"TCCGGAGATATGGTCGGGTTAGACATAGAGGC",4
"TCCGGAGATATGGTCGTAAGATCCATAGAGGC",5
"TCCGGAGATCCTGAGCATCTGAGTTATAGCCT",3
"TCCGGAGATCCTGAGCCGTCTAATTATAGCCT",5
"TCCGGAGATCCTGAGCGTAAGGAGGGCTCTGA",3
"TCCGGAGATCCTGAGCTCTCTCCGTATAGCCT",2
"TCCGGAGATCGACGTCCTAAGCCTCCTATCCT",3
"TCCGGAGATCGACGTCCTCTCTATGGCTCTGA",3
"TCCGGAGATCGACGTCGAGCCTTACAGGACGT",2
"TCCGGAGATCGACGTCGAGCCTTATATAGCCT",3
"TCCGGAGATCGACGTCGCGTAAGAATAGAGGC",3
"TCCGGAGATCGACGTCTCTCTCCGCAGGACGT",3
"TCCGGAGATCGACGTCTCTCTCCGGGCTCTGA",3
"TCCGGAGATCGACGTCTTATGCGAATAGAGGC",2
"TCCGGAGATCTATCCGAAGAGATGTATAGCCT",1
"TCCGGAGATCTATCCGAATGACGTCCTATCCT",3
"TCCGGAGATCTATCCGCGAATTCCATAGAGGC",5
"TCCGGAGATCTATCCGCGAATTCCCAGGACGT",1
"TCCGGAGATCTATCCGCGAATTCCTATAGCCT",1
"TCCGGAGATGCAGCTACCTAGAGTATAGAGGC",3
"TCCGGAGATGCAGCTACGTCTAATCAGGACGT",3
"TCCGGAGATGCAGCTAGAGCCTTAATAGAGGC",1
"TCCGGAGATGCAGCTAGAGCCTTAGGCTCTGA",5
"TCCGGAGATGCAGCTAGTAAGGAGTATAGCCT",3
"TCCGGAGATGCAGCTATCGACTAGCAGGACGT",1
"TCCGGAGATGCCAATTAACGAACGCCTATCCT",3
"TCCGGAGATGCCAATTAACGAACGTATAGCCT",3
"TCCGGAGATGCCAATTATTCGTTGCAGGACGT",5
"TCCGGAGATGCCAATTCGAATTCCTATAGCCT",5
"TCCGGAGATGCCAATTGGTTAGACTATAGCCT",4
"TCCGGAGATGCCAATTTTCATCCACCTATCCT",3
"TCCGGAGATTAGCCTCAACGAACGCCTATCCT",3
"TCCGGAGATTAGCCTCATAGCCTTCAGGACGT",3
"TCCGGAGATTAGCCTCATAGCCTTGGCTCTGA",3
"TCCGGAGATTAGCCTCCGAATTCCTATAGCCT",3
"TCCGGAGATTAGCCTCGGATACTATATAGCCT",5
"TCCGGAGATTAGCCTCTAAGATCCATAGAGGC",3
"TCCGGAGATTAGCCTCTAAGATCCTATAGCCT",5
"TCCGGAGATTAGCCTCTCCGGTAACAGGACGT",5
"TCCGGAGATTAGCCTCTTGGAAGTCCTATCCT",3
"TCCGGAGATTAGCCTCTTGGAAGTGGCTCTGA",2
"TCCGGAGATTAGCCTCTTGGAAGTTATAGCCT",3
"TCCGGAGATTCCATCCAACGAACGGGCTCTGA",2
"TCCGGAGATTCCATCCCGAATTCCATAGAGGC",1
"TCTCGCGCCGCTTGATTAAGATCCTATAGCCT",3
"TCTCGCGCCTCTGGTAGTAAGGAGCAGGACGT",3
"TCTCGCGCCTTCAATGTGCCTTACTATAGCCT",3
"TCTCGCGCGAATTACGTGCCTTACCAGGACGT",3
